-- phpMyAdmin SQL Dump
-- version 5.0.4
-- https://www.phpmyadmin.net/
--
-- Host: 127.0.0.1
-- Generation Time: Feb 02, 2021 at 03:43 AM
-- Server version: 10.4.17-MariaDB
-- PHP Version: 8.0.1

SET SQL_MODE = "NO_AUTO_VALUE_ON_ZERO";
START TRANSACTION;
SET time_zone = "+00:00";


/*!40101 SET @OLD_CHARACTER_SET_CLIENT=@@CHARACTER_SET_CLIENT */;
/*!40101 SET @OLD_CHARACTER_SET_RESULTS=@@CHARACTER_SET_RESULTS */;
/*!40101 SET @OLD_COLLATION_CONNECTION=@@COLLATION_CONNECTION */;
/*!40101 SET NAMES utf8mb4 */;

--
-- Database: `kayrrosdevops`
--

-- --------------------------------------------------------

--
-- Table structure for table `auth_group`
--

CREATE TABLE `auth_group` (
  `id` int(11) NOT NULL,
  `name` varchar(150) NOT NULL
) ENGINE=InnoDB DEFAULT CHARSET=utf8;

-- --------------------------------------------------------

--
-- Table structure for table `auth_group_permissions`
--

CREATE TABLE `auth_group_permissions` (
  `id` int(11) NOT NULL,
  `group_id` int(11) NOT NULL,
  `permission_id` int(11) NOT NULL
) ENGINE=InnoDB DEFAULT CHARSET=utf8;

-- --------------------------------------------------------

--
-- Table structure for table `auth_permission`
--

CREATE TABLE `auth_permission` (
  `id` int(11) NOT NULL,
  `name` varchar(255) NOT NULL,
  `content_type_id` int(11) NOT NULL,
  `codename` varchar(100) NOT NULL
) ENGINE=InnoDB DEFAULT CHARSET=utf8;

--
-- Dumping data for table `auth_permission`
--

INSERT INTO `auth_permission` (`id`, `name`, `content_type_id`, `codename`) VALUES
(1, 'Can add log entry', 1, 'add_logentry'),
(2, 'Can change log entry', 1, 'change_logentry'),
(3, 'Can delete log entry', 1, 'delete_logentry'),
(4, 'Can view log entry', 1, 'view_logentry'),
(5, 'Can add permission', 2, 'add_permission'),
(6, 'Can change permission', 2, 'change_permission'),
(7, 'Can delete permission', 2, 'delete_permission'),
(8, 'Can view permission', 2, 'view_permission'),
(9, 'Can add group', 3, 'add_group'),
(10, 'Can change group', 3, 'change_group'),
(11, 'Can delete group', 3, 'delete_group'),
(12, 'Can view group', 3, 'view_group'),
(13, 'Can add user', 4, 'add_user'),
(14, 'Can change user', 4, 'change_user'),
(15, 'Can delete user', 4, 'delete_user'),
(16, 'Can view user', 4, 'view_user'),
(17, 'Can add content type', 5, 'add_contenttype'),
(18, 'Can change content type', 5, 'change_contenttype'),
(19, 'Can delete content type', 5, 'delete_contenttype'),
(20, 'Can view content type', 5, 'view_contenttype'),
(21, 'Can add session', 6, 'add_session'),
(22, 'Can change session', 6, 'change_session'),
(23, 'Can delete session', 6, 'delete_session'),
(24, 'Can view session', 6, 'view_session');

-- --------------------------------------------------------

--
-- Table structure for table `auth_user`
--

CREATE TABLE `auth_user` (
  `id` int(11) NOT NULL,
  `password` varchar(128) NOT NULL,
  `last_login` datetime(6) DEFAULT NULL,
  `is_superuser` tinyint(1) NOT NULL,
  `username` varchar(150) NOT NULL,
  `first_name` varchar(150) NOT NULL,
  `last_name` varchar(150) NOT NULL,
  `email` varchar(254) NOT NULL,
  `is_staff` tinyint(1) NOT NULL,
  `is_active` tinyint(1) NOT NULL,
  `date_joined` datetime(6) NOT NULL
) ENGINE=InnoDB DEFAULT CHARSET=utf8;

-- --------------------------------------------------------

--
-- Table structure for table `auth_user_groups`
--

CREATE TABLE `auth_user_groups` (
  `id` int(11) NOT NULL,
  `user_id` int(11) NOT NULL,
  `group_id` int(11) NOT NULL
) ENGINE=InnoDB DEFAULT CHARSET=utf8;

-- --------------------------------------------------------

--
-- Table structure for table `auth_user_user_permissions`
--

CREATE TABLE `auth_user_user_permissions` (
  `id` int(11) NOT NULL,
  `user_id` int(11) NOT NULL,
  `permission_id` int(11) NOT NULL
) ENGINE=InnoDB DEFAULT CHARSET=utf8;

-- --------------------------------------------------------

--
-- Table structure for table `django_admin_log`
--

CREATE TABLE `django_admin_log` (
  `id` int(11) NOT NULL,
  `action_time` datetime(6) NOT NULL,
  `object_id` longtext DEFAULT NULL,
  `object_repr` varchar(200) NOT NULL,
  `action_flag` smallint(5) UNSIGNED NOT NULL CHECK (`action_flag` >= 0),
  `change_message` longtext NOT NULL,
  `content_type_id` int(11) DEFAULT NULL,
  `user_id` int(11) NOT NULL
) ENGINE=InnoDB DEFAULT CHARSET=utf8;

-- --------------------------------------------------------

--
-- Table structure for table `django_content_type`
--

CREATE TABLE `django_content_type` (
  `id` int(11) NOT NULL,
  `app_label` varchar(100) NOT NULL,
  `model` varchar(100) NOT NULL
) ENGINE=InnoDB DEFAULT CHARSET=utf8;

--
-- Dumping data for table `django_content_type`
--

INSERT INTO `django_content_type` (`id`, `app_label`, `model`) VALUES
(1, 'admin', 'logentry'),
(3, 'auth', 'group'),
(2, 'auth', 'permission'),
(4, 'auth', 'user'),
(5, 'contenttypes', 'contenttype'),
(6, 'sessions', 'session');

-- --------------------------------------------------------

--
-- Table structure for table `django_migrations`
--

CREATE TABLE `django_migrations` (
  `id` int(11) NOT NULL,
  `app` varchar(255) NOT NULL,
  `name` varchar(255) NOT NULL,
  `applied` datetime(6) NOT NULL
) ENGINE=InnoDB DEFAULT CHARSET=utf8;

--
-- Dumping data for table `django_migrations`
--

INSERT INTO `django_migrations` (`id`, `app`, `name`, `applied`) VALUES
(1, 'contenttypes', '0001_initial', '2021-02-01 18:53:23.366350'),
(2, 'auth', '0001_initial', '2021-02-01 18:53:23.509602'),
(3, 'admin', '0001_initial', '2021-02-01 18:53:23.877283'),
(4, 'admin', '0002_logentry_remove_auto_add', '2021-02-01 18:53:23.963700'),
(5, 'admin', '0003_logentry_add_action_flag_choices', '2021-02-01 18:53:23.970702'),
(6, 'contenttypes', '0002_remove_content_type_name', '2021-02-01 18:53:24.023321'),
(7, 'auth', '0002_alter_permission_name_max_length', '2021-02-01 18:53:24.082437'),
(8, 'auth', '0003_alter_user_email_max_length', '2021-02-01 18:53:24.141650'),
(9, 'auth', '0004_alter_user_username_opts', '2021-02-01 18:53:24.146652'),
(10, 'auth', '0005_alter_user_last_login_null', '2021-02-01 18:53:24.186306'),
(11, 'auth', '0006_require_contenttypes_0002', '2021-02-01 18:53:24.188307'),
(12, 'auth', '0007_alter_validators_add_error_messages', '2021-02-01 18:53:24.193306'),
(13, 'auth', '0008_alter_user_username_max_length', '2021-02-01 18:53:24.206307'),
(14, 'auth', '0009_alter_user_last_name_max_length', '2021-02-01 18:53:24.217546'),
(15, 'auth', '0010_alter_group_name_max_length', '2021-02-01 18:53:24.270350'),
(16, 'auth', '0011_update_proxy_permissions', '2021-02-01 18:53:24.276350'),
(17, 'auth', '0012_alter_user_first_name_max_length', '2021-02-01 18:53:24.288585'),
(18, 'sessions', '0001_initial', '2021-02-01 18:53:24.310550');

-- --------------------------------------------------------

--
-- Table structure for table `django_session`
--

CREATE TABLE `django_session` (
  `session_key` varchar(40) NOT NULL,
  `session_data` longtext NOT NULL,
  `expire_date` datetime(6) NOT NULL
) ENGINE=InnoDB DEFAULT CHARSET=utf8;

-- --------------------------------------------------------

--
-- Table structure for table `shows`
--

CREATE TABLE `shows` (
  `id` int(11) DEFAULT NULL,
  `url` varchar(46) DEFAULT NULL,
  `name` varchar(15) DEFAULT NULL,
  `type` varchar(8) DEFAULT NULL,
  `language` varchar(7) DEFAULT NULL,
  `genres` varchar(9) DEFAULT NULL,
  `status` varchar(5) DEFAULT NULL,
  `runtime` int(11) DEFAULT NULL,
  `officialSite` varchar(34) DEFAULT NULL,
  `schedule_time` varchar(5) DEFAULT NULL,
  `schedule_days` varchar(6) DEFAULT NULL,
  `network_id` int(11) DEFAULT NULL,
  `network_name` varchar(3) DEFAULT NULL,
  `network_country_name` varchar(13) DEFAULT NULL,
  `network_country_code` varchar(2) DEFAULT NULL,
  `network_country_timezone` varchar(16) DEFAULT NULL,
  `webChannel_id` int(11) DEFAULT NULL,
  `webChannel_name` varchar(6) DEFAULT NULL,
  `webChannel_country_name` varchar(13) DEFAULT NULL,
  `webChannel_country_code` varchar(2) DEFAULT NULL,
  `webChannel_country_timezone` varchar(16) DEFAULT NULL,
  `externals_tvrage` int(11) DEFAULT NULL,
  `externals_thetvdb` int(11) DEFAULT NULL,
  `externals_imdb` varchar(9) DEFAULT NULL,
  `image_medium` varchar(70) DEFAULT NULL,
  `image_original` varchar(73) DEFAULT NULL,
  `summary` varchar(587) DEFAULT NULL,
  `updated` int(11) DEFAULT NULL,
  `links_self_href` varchar(30) DEFAULT NULL,
  `links_previousepisode_href` varchar(38) DEFAULT NULL,
  `embedded_episodes_id` int(11) NOT NULL,
  `embedded_episodes_url` varchar(92) DEFAULT NULL,
  `embedded_episodes_name` varchar(37) DEFAULT NULL,
  `embedded_episodes_season` int(11) DEFAULT NULL,
  `embedded_episodes_number` int(11) DEFAULT NULL,
  `embedded_episodes_type` varchar(7) DEFAULT NULL,
  `embedded_episodes_airtime` varchar(5) DEFAULT NULL,
  `embedded_episodes_airstamp` varchar(25) DEFAULT NULL,
  `embedded_episodes_runtime` int(11) DEFAULT NULL,
  `embedded_episodes_image_medium` varchar(71) DEFAULT NULL,
  `embedded_episodes_image_original` varchar(73) DEFAULT NULL,
  `embedded_episodes_summary` varchar(436) DEFAULT NULL,
  `embedded_episodes_links_self_href` varchar(38) DEFAULT NULL
) ENGINE=InnoDB DEFAULT CHARSET=utf8;

--
-- Dumping data for table `shows`
--

INSERT INTO `shows` (`id`, `url`, `name`, `type`, `language`, `genres`, `status`, `runtime`, `officialSite`, `schedule_time`, `schedule_days`, `network_id`, `network_name`, `network_country_name`, `network_country_code`, `network_country_timezone`, `webChannel_id`, `webChannel_name`, `webChannel_country_name`, `webChannel_country_code`, `webChannel_country_timezone`, `externals_tvrage`, `externals_thetvdb`, `externals_imdb`, `image_medium`, `image_original`, `summary`, `updated`, `links_self_href`, `links_previousepisode_href`, `embedded_episodes_id`, `embedded_episodes_url`, `embedded_episodes_name`, `embedded_episodes_season`, `embedded_episodes_number`, `embedded_episodes_type`, `embedded_episodes_airtime`, `embedded_episodes_airstamp`, `embedded_episodes_runtime`, `embedded_episodes_image_medium`, `embedded_episodes_image_original`, `embedded_episodes_summary`, `embedded_episodes_links_self_href`) VALUES
(82, 'http://www.tvmaze.com/shows/82/game-of-thrones', 'Game of Thrones', 'Scripted', 'English', 'Fantasy', 'Ended', 60, 'http://www.hbo.com/game-of-thrones', '21:00', 'Sunday', 8, 'HBO', 'United States', 'US', 'America/New_York', 22, 'HBO Go', 'United States', 'US', 'America/New_York', 24493, 121361, 'tt0944947', 'http://static.tvmaze.com/uploads/images/medium_portrait/190/476117.jpg', 'http://static.tvmaze.com/uploads/images/original_untouched/190/476117.jpg', '<p>Based on the bestselling book series <i>A Song of Ice and Fire</i> by George R.R. Martin, this sprawling new HBO drama is set in a world where summers span decades and winters can last a lifetime. From the scheming south and the savage eastern lands, to the frozen north and ancient Wall that protects the realm from the mysterious darkness beyond, the powerful families of the Seven Kingdoms are locked in a battle for the Iron Throne. This is a story of duplicity and treachery, nobility and honor, conquest and triumph. In the <b>Game of Thrones</b>, you either win or you die.</p>', 1611261307, 'http://api.tvmaze.com/shows/82', 'http://api.tvmaze.com/episodes/1623968', 4952, 'http://www.tvmaze.com/episodes/4952/game-of-thrones-1x01-winter-is-coming', 'Winter is Coming', 1, 1, 'regular', '21:00', '2011-04-18T01:00:00+00:00', 60, 'http://static.tvmaze.com/uploads/images/medium_landscape/1/2668.jpg', 'http://static.tvmaze.com/uploads/images/original_untouched/1/2668.jpg', '<p>Lord Eddard Stark, ruler of the North, is summoned to court by his old friend, King Robert Baratheon, to serve as the King\'s Hand. Eddard reluctantly agrees after learning of a possible threat to the King\'s life. Eddard\'s bastard son Jon Snow must make a painful decision about his own future, while in the distant east Viserys Targaryen plots to reclaim his father\'s throne, usurped by Robert, by selling his sister in marriage.</p>', 'http://api.tvmaze.com/episodes/4952'),
(82, 'http://www.tvmaze.com/shows/82/game-of-thrones', 'Game of Thrones', 'Scripted', 'English', 'Fantasy', 'Ended', 60, 'http://www.hbo.com/game-of-thrones', '21:00', 'Sunday', 8, 'HBO', 'United States', 'US', 'America/New_York', 22, 'HBO Go', 'United States', 'US', 'America/New_York', 24493, 121361, 'tt0944947', 'http://static.tvmaze.com/uploads/images/medium_portrait/190/476117.jpg', 'http://static.tvmaze.com/uploads/images/original_untouched/190/476117.jpg', '<p>Based on the bestselling book series <i>A Song of Ice and Fire</i> by George R.R. Martin, this sprawling new HBO drama is set in a world where summers span decades and winters can last a lifetime. From the scheming south and the savage eastern lands, to the frozen north and ancient Wall that protects the realm from the mysterious darkness beyond, the powerful families of the Seven Kingdoms are locked in a battle for the Iron Throne. This is a story of duplicity and treachery, nobility and honor, conquest and triumph. In the <b>Game of Thrones</b>, you either win or you die.</p>', 1611261307, 'http://api.tvmaze.com/shows/82', 'http://api.tvmaze.com/episodes/1623968', 4953, 'http://www.tvmaze.com/episodes/4953/game-of-thrones-1x02-the-kingsroad', 'The Kingsroad', 1, 2, 'regular', '21:00', '2011-04-25T01:00:00+00:00', 60, 'http://static.tvmaze.com/uploads/images/medium_landscape/1/2669.jpg', 'http://static.tvmaze.com/uploads/images/original_untouched/1/2669.jpg', '<p>An incident on the Kingsroad threatens Eddard and Robert\'s friendship. Jon and Tyrion travel to the Wall, where they discover that the reality of the Night\'s Watch may not match the heroic image of it.</p>', 'http://api.tvmaze.com/episodes/4953'),
(82, 'http://www.tvmaze.com/shows/82/game-of-thrones', 'Game of Thrones', 'Scripted', 'English', 'Fantasy', 'Ended', 60, 'http://www.hbo.com/game-of-thrones', '21:00', 'Sunday', 8, 'HBO', 'United States', 'US', 'America/New_York', 22, 'HBO Go', 'United States', 'US', 'America/New_York', 24493, 121361, 'tt0944947', 'http://static.tvmaze.com/uploads/images/medium_portrait/190/476117.jpg', 'http://static.tvmaze.com/uploads/images/original_untouched/190/476117.jpg', '<p>Based on the bestselling book series <i>A Song of Ice and Fire</i> by George R.R. Martin, this sprawling new HBO drama is set in a world where summers span decades and winters can last a lifetime. From the scheming south and the savage eastern lands, to the frozen north and ancient Wall that protects the realm from the mysterious darkness beyond, the powerful families of the Seven Kingdoms are locked in a battle for the Iron Throne. This is a story of duplicity and treachery, nobility and honor, conquest and triumph. In the <b>Game of Thrones</b>, you either win or you die.</p>', 1611261307, 'http://api.tvmaze.com/shows/82', 'http://api.tvmaze.com/episodes/1623968', 4954, 'http://www.tvmaze.com/episodes/4954/game-of-thrones-1x03-lord-snow', 'Lord Snow', 1, 3, 'regular', '21:00', '2011-05-02T01:00:00+00:00', 60, 'http://static.tvmaze.com/uploads/images/medium_landscape/1/2671.jpg', 'http://static.tvmaze.com/uploads/images/original_untouched/1/2671.jpg', '<p>Jon Snow attempts to find his place amongst the Night\'s Watch. Eddard and his daughters arrive at King\'s Landing.</p>', 'http://api.tvmaze.com/episodes/4954'),
(82, 'http://www.tvmaze.com/shows/82/game-of-thrones', 'Game of Thrones', 'Scripted', 'English', 'Fantasy', 'Ended', 60, 'http://www.hbo.com/game-of-thrones', '21:00', 'Sunday', 8, 'HBO', 'United States', 'US', 'America/New_York', 22, 'HBO Go', 'United States', 'US', 'America/New_York', 24493, 121361, 'tt0944947', 'http://static.tvmaze.com/uploads/images/medium_portrait/190/476117.jpg', 'http://static.tvmaze.com/uploads/images/original_untouched/190/476117.jpg', '<p>Based on the bestselling book series <i>A Song of Ice and Fire</i> by George R.R. Martin, this sprawling new HBO drama is set in a world where summers span decades and winters can last a lifetime. From the scheming south and the savage eastern lands, to the frozen north and ancient Wall that protects the realm from the mysterious darkness beyond, the powerful families of the Seven Kingdoms are locked in a battle for the Iron Throne. This is a story of duplicity and treachery, nobility and honor, conquest and triumph. In the <b>Game of Thrones</b>, you either win or you die.</p>', 1611261307, 'http://api.tvmaze.com/shows/82', 'http://api.tvmaze.com/episodes/1623968', 4955, 'http://www.tvmaze.com/episodes/4955/game-of-thrones-1x04-cripples-bastards-and-broken-things', 'Cripples, Bastards, and Broken Things', 1, 4, 'regular', '21:00', '2011-05-09T01:00:00+00:00', 60, 'http://static.tvmaze.com/uploads/images/medium_landscape/1/2673.jpg', 'http://static.tvmaze.com/uploads/images/original_untouched/1/2673.jpg', '<p>Tyrion stops at Winterfell on his way home and gets a frosty reception from Robb Stark. Eddard\'s investigation into the death of his predecessor gets underway.</p>', 'http://api.tvmaze.com/episodes/4955'),
(82, 'http://www.tvmaze.com/shows/82/game-of-thrones', 'Game of Thrones', 'Scripted', 'English', 'Fantasy', 'Ended', 60, 'http://www.hbo.com/game-of-thrones', '21:00', 'Sunday', 8, 'HBO', 'United States', 'US', 'America/New_York', 22, 'HBO Go', 'United States', 'US', 'America/New_York', 24493, 121361, 'tt0944947', 'http://static.tvmaze.com/uploads/images/medium_portrait/190/476117.jpg', 'http://static.tvmaze.com/uploads/images/original_untouched/190/476117.jpg', '<p>Based on the bestselling book series <i>A Song of Ice and Fire</i> by George R.R. Martin, this sprawling new HBO drama is set in a world where summers span decades and winters can last a lifetime. From the scheming south and the savage eastern lands, to the frozen north and ancient Wall that protects the realm from the mysterious darkness beyond, the powerful families of the Seven Kingdoms are locked in a battle for the Iron Throne. This is a story of duplicity and treachery, nobility and honor, conquest and triumph. In the <b>Game of Thrones</b>, you either win or you die.</p>', 1611261307, 'http://api.tvmaze.com/shows/82', 'http://api.tvmaze.com/episodes/1623968', 4956, 'http://www.tvmaze.com/episodes/4956/game-of-thrones-1x05-the-wolf-and-the-lion', 'The Wolf and the Lion', 1, 5, 'regular', '21:00', '2011-05-16T01:00:00+00:00', 60, 'http://static.tvmaze.com/uploads/images/medium_landscape/1/2674.jpg', 'http://static.tvmaze.com/uploads/images/original_untouched/1/2674.jpg', '<p>Catelyn\'s actions on the road have repercussions for Eddard. Tyrion enjoys the dubious hospitality of the Eyrie.</p>', 'http://api.tvmaze.com/episodes/4956'),
(82, 'http://www.tvmaze.com/shows/82/game-of-thrones', 'Game of Thrones', 'Scripted', 'English', 'Fantasy', 'Ended', 60, 'http://www.hbo.com/game-of-thrones', '21:00', 'Sunday', 8, 'HBO', 'United States', 'US', 'America/New_York', 22, 'HBO Go', 'United States', 'US', 'America/New_York', 24493, 121361, 'tt0944947', 'http://static.tvmaze.com/uploads/images/medium_portrait/190/476117.jpg', 'http://static.tvmaze.com/uploads/images/original_untouched/190/476117.jpg', '<p>Based on the bestselling book series <i>A Song of Ice and Fire</i> by George R.R. Martin, this sprawling new HBO drama is set in a world where summers span decades and winters can last a lifetime. From the scheming south and the savage eastern lands, to the frozen north and ancient Wall that protects the realm from the mysterious darkness beyond, the powerful families of the Seven Kingdoms are locked in a battle for the Iron Throne. This is a story of duplicity and treachery, nobility and honor, conquest and triumph. In the <b>Game of Thrones</b>, you either win or you die.</p>', 1611261307, 'http://api.tvmaze.com/shows/82', 'http://api.tvmaze.com/episodes/1623968', 4957, 'http://www.tvmaze.com/episodes/4957/game-of-thrones-1x06-a-golden-crown', 'A Golden Crown', 1, 6, 'regular', '21:00', '2011-05-23T01:00:00+00:00', 60, 'http://static.tvmaze.com/uploads/images/medium_landscape/1/2676.jpg', 'http://static.tvmaze.com/uploads/images/original_untouched/1/2676.jpg', '<p>Viserys is increasingly frustrated by the lack of progress towards gaining his crown.</p>', 'http://api.tvmaze.com/episodes/4957'),
(82, 'http://www.tvmaze.com/shows/82/game-of-thrones', 'Game of Thrones', 'Scripted', 'English', 'Fantasy', 'Ended', 60, 'http://www.hbo.com/game-of-thrones', '21:00', 'Sunday', 8, 'HBO', 'United States', 'US', 'America/New_York', 22, 'HBO Go', 'United States', 'US', 'America/New_York', 24493, 121361, 'tt0944947', 'http://static.tvmaze.com/uploads/images/medium_portrait/190/476117.jpg', 'http://static.tvmaze.com/uploads/images/original_untouched/190/476117.jpg', '<p>Based on the bestselling book series <i>A Song of Ice and Fire</i> by George R.R. Martin, this sprawling new HBO drama is set in a world where summers span decades and winters can last a lifetime. From the scheming south and the savage eastern lands, to the frozen north and ancient Wall that protects the realm from the mysterious darkness beyond, the powerful families of the Seven Kingdoms are locked in a battle for the Iron Throne. This is a story of duplicity and treachery, nobility and honor, conquest and triumph. In the <b>Game of Thrones</b>, you either win or you die.</p>', 1611261307, 'http://api.tvmaze.com/shows/82', 'http://api.tvmaze.com/episodes/1623968', 4958, 'http://www.tvmaze.com/episodes/4958/game-of-thrones-1x07-you-win-or-you-die', 'You Win or You Die', 1, 7, 'regular', '21:00', '2011-05-30T01:00:00+00:00', 60, 'http://static.tvmaze.com/uploads/images/medium_landscape/1/2677.jpg', 'http://static.tvmaze.com/uploads/images/original_untouched/1/2677.jpg', '<p>Eddard\'s investigations in King\'s Landing reach a climax and a dark secret is revealed.</p>', 'http://api.tvmaze.com/episodes/4958'),
(82, 'http://www.tvmaze.com/shows/82/game-of-thrones', 'Game of Thrones', 'Scripted', 'English', 'Fantasy', 'Ended', 60, 'http://www.hbo.com/game-of-thrones', '21:00', 'Sunday', 8, 'HBO', 'United States', 'US', 'America/New_York', 22, 'HBO Go', 'United States', 'US', 'America/New_York', 24493, 121361, 'tt0944947', 'http://static.tvmaze.com/uploads/images/medium_portrait/190/476117.jpg', 'http://static.tvmaze.com/uploads/images/original_untouched/190/476117.jpg', '<p>Based on the bestselling book series <i>A Song of Ice and Fire</i> by George R.R. Martin, this sprawling new HBO drama is set in a world where summers span decades and winters can last a lifetime. From the scheming south and the savage eastern lands, to the frozen north and ancient Wall that protects the realm from the mysterious darkness beyond, the powerful families of the Seven Kingdoms are locked in a battle for the Iron Throne. This is a story of duplicity and treachery, nobility and honor, conquest and triumph. In the <b>Game of Thrones</b>, you either win or you die.</p>', 1611261307, 'http://api.tvmaze.com/shows/82', 'http://api.tvmaze.com/episodes/1623968', 4959, 'http://www.tvmaze.com/episodes/4959/game-of-thrones-1x08-the-pointy-end', 'The Pointy End', 1, 8, 'regular', '21:00', '2011-06-06T01:00:00+00:00', 60, 'http://static.tvmaze.com/uploads/images/medium_landscape/1/2678.jpg', 'http://static.tvmaze.com/uploads/images/original_untouched/1/2678.jpg', '<p>Tyrion joins his father\'s army with unexpected allies. Events in King\'s Landing take a turn for the worse as Arya\'s lessons are put to the test.</p>', 'http://api.tvmaze.com/episodes/4959'),
(82, 'http://www.tvmaze.com/shows/82/game-of-thrones', 'Game of Thrones', 'Scripted', 'English', 'Fantasy', 'Ended', 60, 'http://www.hbo.com/game-of-thrones', '21:00', 'Sunday', 8, 'HBO', 'United States', 'US', 'America/New_York', 22, 'HBO Go', 'United States', 'US', 'America/New_York', 24493, 121361, 'tt0944947', 'http://static.tvmaze.com/uploads/images/medium_portrait/190/476117.jpg', 'http://static.tvmaze.com/uploads/images/original_untouched/190/476117.jpg', '<p>Based on the bestselling book series <i>A Song of Ice and Fire</i> by George R.R. Martin, this sprawling new HBO drama is set in a world where summers span decades and winters can last a lifetime. From the scheming south and the savage eastern lands, to the frozen north and ancient Wall that protects the realm from the mysterious darkness beyond, the powerful families of the Seven Kingdoms are locked in a battle for the Iron Throne. This is a story of duplicity and treachery, nobility and honor, conquest and triumph. In the <b>Game of Thrones</b>, you either win or you die.</p>', 1611261307, 'http://api.tvmaze.com/shows/82', 'http://api.tvmaze.com/episodes/1623968', 4960, 'http://www.tvmaze.com/episodes/4960/game-of-thrones-1x09-baelor', 'Baelor', 1, 9, 'regular', '21:00', '2011-06-13T01:00:00+00:00', 60, 'http://static.tvmaze.com/uploads/images/medium_landscape/1/2679.jpg', 'http://static.tvmaze.com/uploads/images/original_untouched/1/2679.jpg', '<p>Catelyn must negotiate with the irascible Lord Walder Frey.</p>', 'http://api.tvmaze.com/episodes/4960'),
(82, 'http://www.tvmaze.com/shows/82/game-of-thrones', 'Game of Thrones', 'Scripted', 'English', 'Fantasy', 'Ended', 60, 'http://www.hbo.com/game-of-thrones', '21:00', 'Sunday', 8, 'HBO', 'United States', 'US', 'America/New_York', 22, 'HBO Go', 'United States', 'US', 'America/New_York', 24493, 121361, 'tt0944947', 'http://static.tvmaze.com/uploads/images/medium_portrait/190/476117.jpg', 'http://static.tvmaze.com/uploads/images/original_untouched/190/476117.jpg', '<p>Based on the bestselling book series <i>A Song of Ice and Fire</i> by George R.R. Martin, this sprawling new HBO drama is set in a world where summers span decades and winters can last a lifetime. From the scheming south and the savage eastern lands, to the frozen north and ancient Wall that protects the realm from the mysterious darkness beyond, the powerful families of the Seven Kingdoms are locked in a battle for the Iron Throne. This is a story of duplicity and treachery, nobility and honor, conquest and triumph. In the <b>Game of Thrones</b>, you either win or you die.</p>', 1611261307, 'http://api.tvmaze.com/shows/82', 'http://api.tvmaze.com/episodes/1623968', 4961, 'http://www.tvmaze.com/episodes/4961/game-of-thrones-1x10-fire-and-blood', 'Fire and Blood', 1, 10, 'regular', '21:00', '2011-06-20T01:00:00+00:00', 60, 'http://static.tvmaze.com/uploads/images/medium_landscape/1/2681.jpg', 'http://static.tvmaze.com/uploads/images/original_untouched/1/2681.jpg', '<p>Daenerys must realize her destiny. Jaime finds himself in an unfamiliar predicament.</p>', 'http://api.tvmaze.com/episodes/4961'),
(82, 'http://www.tvmaze.com/shows/82/game-of-thrones', 'Game of Thrones', 'Scripted', 'English', 'Fantasy', 'Ended', 60, 'http://www.hbo.com/game-of-thrones', '21:00', 'Sunday', 8, 'HBO', 'United States', 'US', 'America/New_York', 22, 'HBO Go', 'United States', 'US', 'America/New_York', 24493, 121361, 'tt0944947', 'http://static.tvmaze.com/uploads/images/medium_portrait/190/476117.jpg', 'http://static.tvmaze.com/uploads/images/original_untouched/190/476117.jpg', '<p>Based on the bestselling book series <i>A Song of Ice and Fire</i> by George R.R. Martin, this sprawling new HBO drama is set in a world where summers span decades and winters can last a lifetime. From the scheming south and the savage eastern lands, to the frozen north and ancient Wall that protects the realm from the mysterious darkness beyond, the powerful families of the Seven Kingdoms are locked in a battle for the Iron Throne. This is a story of duplicity and treachery, nobility and honor, conquest and triumph. In the <b>Game of Thrones</b>, you either win or you die.</p>', 1611261307, 'http://api.tvmaze.com/shows/82', 'http://api.tvmaze.com/episodes/1623968', 4962, 'http://www.tvmaze.com/episodes/4962/game-of-thrones-2x01-the-north-remembers', 'The North Remembers', 2, 1, 'regular', '21:00', '2012-04-02T01:00:00+00:00', 60, 'http://static.tvmaze.com/uploads/images/medium_landscape/1/3174.jpg', 'http://static.tvmaze.com/uploads/images/original_untouched/1/3174.jpg', '<p>War grips the continent of Westeros. As Tyrion Lannister tries to take his strong-willed nephew in hand in King\'s Landing, Stannis Baratheon launches his own campaign to take the Iron Throne with the help of a mysterious priestess. In the east, Daenerys must lead her retinue through a desolate wasteland whilst beyond the Wall the Night\'s Watch seeks the aid of a wildling.</p>', 'http://api.tvmaze.com/episodes/4962'),
(82, 'http://www.tvmaze.com/shows/82/game-of-thrones', 'Game of Thrones', 'Scripted', 'English', 'Fantasy', 'Ended', 60, 'http://www.hbo.com/game-of-thrones', '21:00', 'Sunday', 8, 'HBO', 'United States', 'US', 'America/New_York', 22, 'HBO Go', 'United States', 'US', 'America/New_York', 24493, 121361, 'tt0944947', 'http://static.tvmaze.com/uploads/images/medium_portrait/190/476117.jpg', 'http://static.tvmaze.com/uploads/images/original_untouched/190/476117.jpg', '<p>Based on the bestselling book series <i>A Song of Ice and Fire</i> by George R.R. Martin, this sprawling new HBO drama is set in a world where summers span decades and winters can last a lifetime. From the scheming south and the savage eastern lands, to the frozen north and ancient Wall that protects the realm from the mysterious darkness beyond, the powerful families of the Seven Kingdoms are locked in a battle for the Iron Throne. This is a story of duplicity and treachery, nobility and honor, conquest and triumph. In the <b>Game of Thrones</b>, you either win or you die.</p>', 1611261307, 'http://api.tvmaze.com/shows/82', 'http://api.tvmaze.com/episodes/1623968', 4963, 'http://www.tvmaze.com/episodes/4963/game-of-thrones-2x02-the-night-lands', 'The Night Lands', 2, 2, 'regular', '21:00', '2012-04-09T01:00:00+00:00', 60, 'http://static.tvmaze.com/uploads/images/medium_landscape/1/3175.jpg', 'http://static.tvmaze.com/uploads/images/original_untouched/1/3175.jpg', '<p>Stannis uses Ser Davos to seek out new allies for his war with the Lannisters. On the road north, Arya confides in Gendry. Robb Stark sends Theon Greyjoy to win an alliance with his father and the fierce warriors of the Iron Islands. Cersei and Tyrion clash on how to rule in King\'s Landing.</p>', 'http://api.tvmaze.com/episodes/4963'),
(82, 'http://www.tvmaze.com/shows/82/game-of-thrones', 'Game of Thrones', 'Scripted', 'English', 'Fantasy', 'Ended', 60, 'http://www.hbo.com/game-of-thrones', '21:00', 'Sunday', 8, 'HBO', 'United States', 'US', 'America/New_York', 22, 'HBO Go', 'United States', 'US', 'America/New_York', 24493, 121361, 'tt0944947', 'http://static.tvmaze.com/uploads/images/medium_portrait/190/476117.jpg', 'http://static.tvmaze.com/uploads/images/original_untouched/190/476117.jpg', '<p>Based on the bestselling book series <i>A Song of Ice and Fire</i> by George R.R. Martin, this sprawling new HBO drama is set in a world where summers span decades and winters can last a lifetime. From the scheming south and the savage eastern lands, to the frozen north and ancient Wall that protects the realm from the mysterious darkness beyond, the powerful families of the Seven Kingdoms are locked in a battle for the Iron Throne. This is a story of duplicity and treachery, nobility and honor, conquest and triumph. In the <b>Game of Thrones</b>, you either win or you die.</p>', 1611261307, 'http://api.tvmaze.com/shows/82', 'http://api.tvmaze.com/episodes/1623968', 4964, 'http://www.tvmaze.com/episodes/4964/game-of-thrones-2x03-what-is-dead-may-never-die', 'What is Dead May Never Die', 2, 3, 'regular', '21:00', '2012-04-16T01:00:00+00:00', 60, 'http://static.tvmaze.com/uploads/images/medium_landscape/1/3176.jpg', 'http://static.tvmaze.com/uploads/images/original_untouched/1/3176.jpg', '<p>Catelyn Stark treats with King Renly in the hope of winning an alliance. Tyrion undertakes a complex plan in King\'s Landing to expose an enemy. At Winterfell, Bran\'s dreams continue to trouble him.</p>', 'http://api.tvmaze.com/episodes/4964'),
(82, 'http://www.tvmaze.com/shows/82/game-of-thrones', 'Game of Thrones', 'Scripted', 'English', 'Fantasy', 'Ended', 60, 'http://www.hbo.com/game-of-thrones', '21:00', 'Sunday', 8, 'HBO', 'United States', 'US', 'America/New_York', 22, 'HBO Go', 'United States', 'US', 'America/New_York', 24493, 121361, 'tt0944947', 'http://static.tvmaze.com/uploads/images/medium_portrait/190/476117.jpg', 'http://static.tvmaze.com/uploads/images/original_untouched/190/476117.jpg', '<p>Based on the bestselling book series <i>A Song of Ice and Fire</i> by George R.R. Martin, this sprawling new HBO drama is set in a world where summers span decades and winters can last a lifetime. From the scheming south and the savage eastern lands, to the frozen north and ancient Wall that protects the realm from the mysterious darkness beyond, the powerful families of the Seven Kingdoms are locked in a battle for the Iron Throne. This is a story of duplicity and treachery, nobility and honor, conquest and triumph. In the <b>Game of Thrones</b>, you either win or you die.</p>', 1611261307, 'http://api.tvmaze.com/shows/82', 'http://api.tvmaze.com/episodes/1623968', 4965, 'http://www.tvmaze.com/episodes/4965/game-of-thrones-2x04-garden-of-bones', 'Garden of Bones', 2, 4, 'regular', '21:00', '2012-04-23T01:00:00+00:00', 60, 'http://static.tvmaze.com/uploads/images/medium_landscape/1/3177.jpg', 'http://static.tvmaze.com/uploads/images/original_untouched/1/3177.jpg', '<p>Tyrion attempts to restrain Joffrey\'s cruelty. Catelyn attempts to broker a peace between Stannis and Renly. Daenerys and her followers arrive at the great city of Qarth and hope to find refuge there. Arya and Gendry arrive at Harrenhal, a great castle now under Lannister occupation.</p>', 'http://api.tvmaze.com/episodes/4965'),
(82, 'http://www.tvmaze.com/shows/82/game-of-thrones', 'Game of Thrones', 'Scripted', 'English', 'Fantasy', 'Ended', 60, 'http://www.hbo.com/game-of-thrones', '21:00', 'Sunday', 8, 'HBO', 'United States', 'US', 'America/New_York', 22, 'HBO Go', 'United States', 'US', 'America/New_York', 24493, 121361, 'tt0944947', 'http://static.tvmaze.com/uploads/images/medium_portrait/190/476117.jpg', 'http://static.tvmaze.com/uploads/images/original_untouched/190/476117.jpg', '<p>Based on the bestselling book series <i>A Song of Ice and Fire</i> by George R.R. Martin, this sprawling new HBO drama is set in a world where summers span decades and winters can last a lifetime. From the scheming south and the savage eastern lands, to the frozen north and ancient Wall that protects the realm from the mysterious darkness beyond, the powerful families of the Seven Kingdoms are locked in a battle for the Iron Throne. This is a story of duplicity and treachery, nobility and honor, conquest and triumph. In the <b>Game of Thrones</b>, you either win or you die.</p>', 1611261307, 'http://api.tvmaze.com/shows/82', 'http://api.tvmaze.com/episodes/1623968', 4966, 'http://www.tvmaze.com/episodes/4966/game-of-thrones-2x05-the-ghost-of-harrenhal', 'The Ghost of Harrenhal', 2, 5, 'regular', '21:00', '2012-04-30T01:00:00+00:00', 60, 'http://static.tvmaze.com/uploads/images/medium_landscape/1/3178.jpg', 'http://static.tvmaze.com/uploads/images/original_untouched/1/3178.jpg', '<p>Confusion rages in the Stormlands in the wake of a devastating reversal. Catelyn must flee with a new ally, whilst Littlefinger sees an opportunity in the chaos. Theon seeks to prove himself to his father in battle. Arya receives a promise from the enigmatic Jaqen H\'ghar. The Night\'s Watch arrives at the Fist of the First Men. Daenerys Targaryen receives a marriage proposal.</p>', 'http://api.tvmaze.com/episodes/4966'),
(82, 'http://www.tvmaze.com/shows/82/game-of-thrones', 'Game of Thrones', 'Scripted', 'English', 'Fantasy', 'Ended', 60, 'http://www.hbo.com/game-of-thrones', '21:00', 'Sunday', 8, 'HBO', 'United States', 'US', 'America/New_York', 22, 'HBO Go', 'United States', 'US', 'America/New_York', 24493, 121361, 'tt0944947', 'http://static.tvmaze.com/uploads/images/medium_portrait/190/476117.jpg', 'http://static.tvmaze.com/uploads/images/original_untouched/190/476117.jpg', '<p>Based on the bestselling book series <i>A Song of Ice and Fire</i> by George R.R. Martin, this sprawling new HBO drama is set in a world where summers span decades and winters can last a lifetime. From the scheming south and the savage eastern lands, to the frozen north and ancient Wall that protects the realm from the mysterious darkness beyond, the powerful families of the Seven Kingdoms are locked in a battle for the Iron Throne. This is a story of duplicity and treachery, nobility and honor, conquest and triumph. In the <b>Game of Thrones</b>, you either win or you die.</p>', 1611261307, 'http://api.tvmaze.com/shows/82', 'http://api.tvmaze.com/episodes/1623968', 4967, 'http://www.tvmaze.com/episodes/4967/game-of-thrones-2x06-the-old-gods-and-the-new', 'The Old Gods and the New', 2, 6, 'regular', '21:00', '2012-05-07T01:00:00+00:00', 60, 'http://static.tvmaze.com/uploads/images/medium_landscape/1/3180.jpg', 'http://static.tvmaze.com/uploads/images/original_untouched/1/3180.jpg', '<p>Arya has a surprise visitor; Dany vows to take what is hers; Joffrey meets his subjects; Qhorin gives Jon a chance to prove himself.</p>', 'http://api.tvmaze.com/episodes/4967'),
(82, 'http://www.tvmaze.com/shows/82/game-of-thrones', 'Game of Thrones', 'Scripted', 'English', 'Fantasy', 'Ended', 60, 'http://www.hbo.com/game-of-thrones', '21:00', 'Sunday', 8, 'HBO', 'United States', 'US', 'America/New_York', 22, 'HBO Go', 'United States', 'US', 'America/New_York', 24493, 121361, 'tt0944947', 'http://static.tvmaze.com/uploads/images/medium_portrait/190/476117.jpg', 'http://static.tvmaze.com/uploads/images/original_untouched/190/476117.jpg', '<p>Based on the bestselling book series <i>A Song of Ice and Fire</i> by George R.R. Martin, this sprawling new HBO drama is set in a world where summers span decades and winters can last a lifetime. From the scheming south and the savage eastern lands, to the frozen north and ancient Wall that protects the realm from the mysterious darkness beyond, the powerful families of the Seven Kingdoms are locked in a battle for the Iron Throne. This is a story of duplicity and treachery, nobility and honor, conquest and triumph. In the <b>Game of Thrones</b>, you either win or you die.</p>', 1611261307, 'http://api.tvmaze.com/shows/82', 'http://api.tvmaze.com/episodes/1623968', 4968, 'http://www.tvmaze.com/episodes/4968/game-of-thrones-2x07-a-man-without-honor', 'A Man Without Honor', 2, 7, 'regular', '21:00', '2012-05-14T01:00:00+00:00', 60, 'http://static.tvmaze.com/uploads/images/medium_landscape/1/3192.jpg', 'http://static.tvmaze.com/uploads/images/original_untouched/1/3192.jpg', '<p>Jaime meets a relative; Theon hunts; Dany receives an invitation.</p>', 'http://api.tvmaze.com/episodes/4968'),
(82, 'http://www.tvmaze.com/shows/82/game-of-thrones', 'Game of Thrones', 'Scripted', 'English', 'Fantasy', 'Ended', 60, 'http://www.hbo.com/game-of-thrones', '21:00', 'Sunday', 8, 'HBO', 'United States', 'US', 'America/New_York', 22, 'HBO Go', 'United States', 'US', 'America/New_York', 24493, 121361, 'tt0944947', 'http://static.tvmaze.com/uploads/images/medium_portrait/190/476117.jpg', 'http://static.tvmaze.com/uploads/images/original_untouched/190/476117.jpg', '<p>Based on the bestselling book series <i>A Song of Ice and Fire</i> by George R.R. Martin, this sprawling new HBO drama is set in a world where summers span decades and winters can last a lifetime. From the scheming south and the savage eastern lands, to the frozen north and ancient Wall that protects the realm from the mysterious darkness beyond, the powerful families of the Seven Kingdoms are locked in a battle for the Iron Throne. This is a story of duplicity and treachery, nobility and honor, conquest and triumph. In the <b>Game of Thrones</b>, you either win or you die.</p>', 1611261307, 'http://api.tvmaze.com/shows/82', 'http://api.tvmaze.com/episodes/1623968', 4969, 'http://www.tvmaze.com/episodes/4969/game-of-thrones-2x08-the-prince-of-winterfell', 'The Prince of Winterfell', 2, 8, 'regular', '21:00', '2012-05-21T01:00:00+00:00', 60, 'http://static.tvmaze.com/uploads/images/medium_landscape/1/3194.jpg', 'http://static.tvmaze.com/uploads/images/original_untouched/1/3194.jpg', '<p>Theon holds the fort; Arya calls in her debt with Jaqen; Robb is betrayed; Stannis and Davos approach their destination.</p>', 'http://api.tvmaze.com/episodes/4969'),
(82, 'http://www.tvmaze.com/shows/82/game-of-thrones', 'Game of Thrones', 'Scripted', 'English', 'Fantasy', 'Ended', 60, 'http://www.hbo.com/game-of-thrones', '21:00', 'Sunday', 8, 'HBO', 'United States', 'US', 'America/New_York', 22, 'HBO Go', 'United States', 'US', 'America/New_York', 24493, 121361, 'tt0944947', 'http://static.tvmaze.com/uploads/images/medium_portrait/190/476117.jpg', 'http://static.tvmaze.com/uploads/images/original_untouched/190/476117.jpg', '<p>Based on the bestselling book series <i>A Song of Ice and Fire</i> by George R.R. Martin, this sprawling new HBO drama is set in a world where summers span decades and winters can last a lifetime. From the scheming south and the savage eastern lands, to the frozen north and ancient Wall that protects the realm from the mysterious darkness beyond, the powerful families of the Seven Kingdoms are locked in a battle for the Iron Throne. This is a story of duplicity and treachery, nobility and honor, conquest and triumph. In the <b>Game of Thrones</b>, you either win or you die.</p>', 1611261307, 'http://api.tvmaze.com/shows/82', 'http://api.tvmaze.com/episodes/1623968', 4970, 'http://www.tvmaze.com/episodes/4970/game-of-thrones-2x09-blackwater', 'Blackwater', 2, 9, 'regular', '21:00', '2012-05-28T01:00:00+00:00', 60, 'http://static.tvmaze.com/uploads/images/medium_landscape/1/3196.jpg', 'http://static.tvmaze.com/uploads/images/original_untouched/1/3196.jpg', '<p>A massive battle rages for control of King\'s Landing and the Iron Throne.</p>', 'http://api.tvmaze.com/episodes/4970'),
(82, 'http://www.tvmaze.com/shows/82/game-of-thrones', 'Game of Thrones', 'Scripted', 'English', 'Fantasy', 'Ended', 60, 'http://www.hbo.com/game-of-thrones', '21:00', 'Sunday', 8, 'HBO', 'United States', 'US', 'America/New_York', 22, 'HBO Go', 'United States', 'US', 'America/New_York', 24493, 121361, 'tt0944947', 'http://static.tvmaze.com/uploads/images/medium_portrait/190/476117.jpg', 'http://static.tvmaze.com/uploads/images/original_untouched/190/476117.jpg', '<p>Based on the bestselling book series <i>A Song of Ice and Fire</i> by George R.R. Martin, this sprawling new HBO drama is set in a world where summers span decades and winters can last a lifetime. From the scheming south and the savage eastern lands, to the frozen north and ancient Wall that protects the realm from the mysterious darkness beyond, the powerful families of the Seven Kingdoms are locked in a battle for the Iron Throne. This is a story of duplicity and treachery, nobility and honor, conquest and triumph. In the <b>Game of Thrones</b>, you either win or you die.</p>', 1611261307, 'http://api.tvmaze.com/shows/82', 'http://api.tvmaze.com/episodes/1623968', 4971, 'http://www.tvmaze.com/episodes/4971/game-of-thrones-2x10-valar-morghulis', 'Valar Morghulis', 2, 10, 'regular', '21:00', '2012-06-04T01:00:00+00:00', 60, 'http://static.tvmaze.com/uploads/images/medium_landscape/1/3197.jpg', 'http://static.tvmaze.com/uploads/images/original_untouched/1/3197.jpg', '<p>Tyrion awakens to a changed situation. King Joffrey doles out rewards to his subjects. As Theon stirs his men to action, Luwin offers some final advice. Brienne silences Jaime; Arya receives a gift from Jaqen; Dany goes to a strange place; Jon proves himself to Qhorin.</p>', 'http://api.tvmaze.com/episodes/4971'),
(82, 'http://www.tvmaze.com/shows/82/game-of-thrones', 'Game of Thrones', 'Scripted', 'English', 'Fantasy', 'Ended', 60, 'http://www.hbo.com/game-of-thrones', '21:00', 'Sunday', 8, 'HBO', 'United States', 'US', 'America/New_York', 22, 'HBO Go', 'United States', 'US', 'America/New_York', 24493, 121361, 'tt0944947', 'http://static.tvmaze.com/uploads/images/medium_portrait/190/476117.jpg', 'http://static.tvmaze.com/uploads/images/original_untouched/190/476117.jpg', '<p>Based on the bestselling book series <i>A Song of Ice and Fire</i> by George R.R. Martin, this sprawling new HBO drama is set in a world where summers span decades and winters can last a lifetime. From the scheming south and the savage eastern lands, to the frozen north and ancient Wall that protects the realm from the mysterious darkness beyond, the powerful families of the Seven Kingdoms are locked in a battle for the Iron Throne. This is a story of duplicity and treachery, nobility and honor, conquest and triumph. In the <b>Game of Thrones</b>, you either win or you die.</p>', 1611261307, 'http://api.tvmaze.com/shows/82', 'http://api.tvmaze.com/episodes/1623968', 4972, 'http://www.tvmaze.com/episodes/4972/game-of-thrones-3x01-valar-dohaeris', 'Valar Dohaeris', 3, 1, 'regular', '21:00', '2013-04-01T01:00:00+00:00', 60, 'http://static.tvmaze.com/uploads/images/medium_landscape/1/2628.jpg', 'http://static.tvmaze.com/uploads/images/original_untouched/1/2628.jpg', '<p></p><p>Jon is brought before Mance Rayder, the King Beyond the Wall, while the Night\'s Watch survivors retreat south. In King\'s Landing, Tyrion asks for his reward. Littlefinger offers Sansa a way out. Cersei hosts a dinner for the royal family. Daenerys sails into Slaver\'s Bay.</p>', 'http://api.tvmaze.com/episodes/4972'),
(82, 'http://www.tvmaze.com/shows/82/game-of-thrones', 'Game of Thrones', 'Scripted', 'English', 'Fantasy', 'Ended', 60, 'http://www.hbo.com/game-of-thrones', '21:00', 'Sunday', 8, 'HBO', 'United States', 'US', 'America/New_York', 22, 'HBO Go', 'United States', 'US', 'America/New_York', 24493, 121361, 'tt0944947', 'http://static.tvmaze.com/uploads/images/medium_portrait/190/476117.jpg', 'http://static.tvmaze.com/uploads/images/original_untouched/190/476117.jpg', '<p>Based on the bestselling book series <i>A Song of Ice and Fire</i> by George R.R. Martin, this sprawling new HBO drama is set in a world where summers span decades and winters can last a lifetime. From the scheming south and the savage eastern lands, to the frozen north and ancient Wall that protects the realm from the mysterious darkness beyond, the powerful families of the Seven Kingdoms are locked in a battle for the Iron Throne. This is a story of duplicity and treachery, nobility and honor, conquest and triumph. In the <b>Game of Thrones</b>, you either win or you die.</p>', 1611261307, 'http://api.tvmaze.com/shows/82', 'http://api.tvmaze.com/episodes/1623968', 4973, 'http://www.tvmaze.com/episodes/4973/game-of-thrones-3x02-dark-wings-dark-words', 'Dark Wings, Dark Words', 3, 2, 'regular', '21:00', '2013-04-08T01:00:00+00:00', 60, 'http://static.tvmaze.com/uploads/images/medium_landscape/1/2618.jpg', 'http://static.tvmaze.com/uploads/images/original_untouched/1/2618.jpg', '<p>Sansa says too much. Shae asks Tyrion for a favor. Jaime finds a way to pass the time. Arya runs into the Brotherhood Without Banners.</p>', 'http://api.tvmaze.com/episodes/4973'),
(82, 'http://www.tvmaze.com/shows/82/game-of-thrones', 'Game of Thrones', 'Scripted', 'English', 'Fantasy', 'Ended', 60, 'http://www.hbo.com/game-of-thrones', '21:00', 'Sunday', 8, 'HBO', 'United States', 'US', 'America/New_York', 22, 'HBO Go', 'United States', 'US', 'America/New_York', 24493, 121361, 'tt0944947', 'http://static.tvmaze.com/uploads/images/medium_portrait/190/476117.jpg', 'http://static.tvmaze.com/uploads/images/original_untouched/190/476117.jpg', '<p>Based on the bestselling book series <i>A Song of Ice and Fire</i> by George R.R. Martin, this sprawling new HBO drama is set in a world where summers span decades and winters can last a lifetime. From the scheming south and the savage eastern lands, to the frozen north and ancient Wall that protects the realm from the mysterious darkness beyond, the powerful families of the Seven Kingdoms are locked in a battle for the Iron Throne. This is a story of duplicity and treachery, nobility and honor, conquest and triumph. In the <b>Game of Thrones</b>, you either win or you die.</p>', 1611261307, 'http://api.tvmaze.com/shows/82', 'http://api.tvmaze.com/episodes/1623968', 4974, 'http://www.tvmaze.com/episodes/4974/game-of-thrones-3x03-walk-of-punishment', 'Walk of Punishment', 3, 3, 'regular', '21:00', '2013-04-15T01:00:00+00:00', 60, 'http://static.tvmaze.com/uploads/images/medium_landscape/1/2616.jpg', 'http://static.tvmaze.com/uploads/images/original_untouched/1/2616.jpg', '<p>Tyrion shoulders new responsibilities. Jon is taken to the Fist of the First Men. Daenerys meets with the slavers. Jaime strikes a deal with his captors.</p>', 'http://api.tvmaze.com/episodes/4974'),
(82, 'http://www.tvmaze.com/shows/82/game-of-thrones', 'Game of Thrones', 'Scripted', 'English', 'Fantasy', 'Ended', 60, 'http://www.hbo.com/game-of-thrones', '21:00', 'Sunday', 8, 'HBO', 'United States', 'US', 'America/New_York', 22, 'HBO Go', 'United States', 'US', 'America/New_York', 24493, 121361, 'tt0944947', 'http://static.tvmaze.com/uploads/images/medium_portrait/190/476117.jpg', 'http://static.tvmaze.com/uploads/images/original_untouched/190/476117.jpg', '<p>Based on the bestselling book series <i>A Song of Ice and Fire</i> by George R.R. Martin, this sprawling new HBO drama is set in a world where summers span decades and winters can last a lifetime. From the scheming south and the savage eastern lands, to the frozen north and ancient Wall that protects the realm from the mysterious darkness beyond, the powerful families of the Seven Kingdoms are locked in a battle for the Iron Throne. This is a story of duplicity and treachery, nobility and honor, conquest and triumph. In the <b>Game of Thrones</b>, you either win or you die.</p>', 1611261307, 'http://api.tvmaze.com/shows/82', 'http://api.tvmaze.com/episodes/1623968', 4975, 'http://www.tvmaze.com/episodes/4975/game-of-thrones-3x04-and-now-his-watch-is-ended', 'And Now His Watch is Ended', 3, 4, 'regular', '21:00', '2013-04-22T01:00:00+00:00', 60, 'http://static.tvmaze.com/uploads/images/medium_landscape/1/2615.jpg', 'http://static.tvmaze.com/uploads/images/original_untouched/1/2615.jpg', '<p>The Night\'s Watch takes stock. Varys meets his better. Arya is taken to the commander of the Brotherhood. Daenerys exchanges a chain for a Whip.</p>', 'http://api.tvmaze.com/episodes/4975'),
(82, 'http://www.tvmaze.com/shows/82/game-of-thrones', 'Game of Thrones', 'Scripted', 'English', 'Fantasy', 'Ended', 60, 'http://www.hbo.com/game-of-thrones', '21:00', 'Sunday', 8, 'HBO', 'United States', 'US', 'America/New_York', 22, 'HBO Go', 'United States', 'US', 'America/New_York', 24493, 121361, 'tt0944947', 'http://static.tvmaze.com/uploads/images/medium_portrait/190/476117.jpg', 'http://static.tvmaze.com/uploads/images/original_untouched/190/476117.jpg', '<p>Based on the bestselling book series <i>A Song of Ice and Fire</i> by George R.R. Martin, this sprawling new HBO drama is set in a world where summers span decades and winters can last a lifetime. From the scheming south and the savage eastern lands, to the frozen north and ancient Wall that protects the realm from the mysterious darkness beyond, the powerful families of the Seven Kingdoms are locked in a battle for the Iron Throne. This is a story of duplicity and treachery, nobility and honor, conquest and triumph. In the <b>Game of Thrones</b>, you either win or you die.</p>', 1611261307, 'http://api.tvmaze.com/shows/82', 'http://api.tvmaze.com/episodes/1623968', 4976, 'http://www.tvmaze.com/episodes/4976/game-of-thrones-3x05-kissed-by-fire', 'Kissed by Fire', 3, 5, 'regular', '21:00', '2013-04-29T01:00:00+00:00', 60, 'http://static.tvmaze.com/uploads/images/medium_landscape/1/2614.jpg', 'http://static.tvmaze.com/uploads/images/original_untouched/1/2614.jpg', '<p>The Hound is judged by the gods; Jaime is judged by men. Jon proves himself; Robb is betrayed. Tyrion learns the cost of weddings.</p>', 'http://api.tvmaze.com/episodes/4976'),
(82, 'http://www.tvmaze.com/shows/82/game-of-thrones', 'Game of Thrones', 'Scripted', 'English', 'Fantasy', 'Ended', 60, 'http://www.hbo.com/game-of-thrones', '21:00', 'Sunday', 8, 'HBO', 'United States', 'US', 'America/New_York', 22, 'HBO Go', 'United States', 'US', 'America/New_York', 24493, 121361, 'tt0944947', 'http://static.tvmaze.com/uploads/images/medium_portrait/190/476117.jpg', 'http://static.tvmaze.com/uploads/images/original_untouched/190/476117.jpg', '<p>Based on the bestselling book series <i>A Song of Ice and Fire</i> by George R.R. Martin, this sprawling new HBO drama is set in a world where summers span decades and winters can last a lifetime. From the scheming south and the savage eastern lands, to the frozen north and ancient Wall that protects the realm from the mysterious darkness beyond, the powerful families of the Seven Kingdoms are locked in a battle for the Iron Throne. This is a story of duplicity and treachery, nobility and honor, conquest and triumph. In the <b>Game of Thrones</b>, you either win or you die.</p>', 1611261307, 'http://api.tvmaze.com/shows/82', 'http://api.tvmaze.com/episodes/1623968', 4977, 'http://www.tvmaze.com/episodes/4977/game-of-thrones-3x06-the-climb', 'The Climb', 3, 6, 'regular', '21:00', '2013-05-06T01:00:00+00:00', 60, 'http://static.tvmaze.com/uploads/images/medium_landscape/1/2612.jpg', 'http://static.tvmaze.com/uploads/images/original_untouched/1/2612.jpg', '<p>Tywin plans strategic unions for the Lannisters. Melisandre visits the Riverlands. Robb weighs a compromise to repair his alliance with House Frey. Roose Bolton decides what to do with Jaime Lannister. Jon, Ygritte and the Wildlings face a daunting climb.</p>', 'http://api.tvmaze.com/episodes/4977'),
(82, 'http://www.tvmaze.com/shows/82/game-of-thrones', 'Game of Thrones', 'Scripted', 'English', 'Fantasy', 'Ended', 60, 'http://www.hbo.com/game-of-thrones', '21:00', 'Sunday', 8, 'HBO', 'United States', 'US', 'America/New_York', 22, 'HBO Go', 'United States', 'US', 'America/New_York', 24493, 121361, 'tt0944947', 'http://static.tvmaze.com/uploads/images/medium_portrait/190/476117.jpg', 'http://static.tvmaze.com/uploads/images/original_untouched/190/476117.jpg', '<p>Based on the bestselling book series <i>A Song of Ice and Fire</i> by George R.R. Martin, this sprawling new HBO drama is set in a world where summers span decades and winters can last a lifetime. From the scheming south and the savage eastern lands, to the frozen north and ancient Wall that protects the realm from the mysterious darkness beyond, the powerful families of the Seven Kingdoms are locked in a battle for the Iron Throne. This is a story of duplicity and treachery, nobility and honor, conquest and triumph. In the <b>Game of Thrones</b>, you either win or you die.</p>', 1611261307, 'http://api.tvmaze.com/shows/82', 'http://api.tvmaze.com/episodes/1623968', 4978, 'http://www.tvmaze.com/episodes/4978/game-of-thrones-3x07-the-bear-and-the-maiden-fair', 'The Bear and the Maiden Fair', 3, 7, 'regular', '21:00', '2013-05-13T01:00:00+00:00', 60, 'http://static.tvmaze.com/uploads/images/medium_landscape/1/2611.jpg', 'http://static.tvmaze.com/uploads/images/original_untouched/1/2611.jpg', '<p>Daenerys exchanges gifts with a slave lord outside Yunkai. As Sansa frets about her prospects, Shae chafes at Tyrion\'s new situation. Tywin counsels the king, and Melisandre reveals a secret to Gendry. Brienne faces a formidable foe in Harrenhal.</p>', 'http://api.tvmaze.com/episodes/4978'),
(82, 'http://www.tvmaze.com/shows/82/game-of-thrones', 'Game of Thrones', 'Scripted', 'English', 'Fantasy', 'Ended', 60, 'http://www.hbo.com/game-of-thrones', '21:00', 'Sunday', 8, 'HBO', 'United States', 'US', 'America/New_York', 22, 'HBO Go', 'United States', 'US', 'America/New_York', 24493, 121361, 'tt0944947', 'http://static.tvmaze.com/uploads/images/medium_portrait/190/476117.jpg', 'http://static.tvmaze.com/uploads/images/original_untouched/190/476117.jpg', '<p>Based on the bestselling book series <i>A Song of Ice and Fire</i> by George R.R. Martin, this sprawling new HBO drama is set in a world where summers span decades and winters can last a lifetime. From the scheming south and the savage eastern lands, to the frozen north and ancient Wall that protects the realm from the mysterious darkness beyond, the powerful families of the Seven Kingdoms are locked in a battle for the Iron Throne. This is a story of duplicity and treachery, nobility and honor, conquest and triumph. In the <b>Game of Thrones</b>, you either win or you die.</p>', 1611261307, 'http://api.tvmaze.com/shows/82', 'http://api.tvmaze.com/episodes/1623968', 4979, 'http://www.tvmaze.com/episodes/4979/game-of-thrones-3x08-second-sons', 'Second Sons', 3, 8, 'regular', '21:00', '2013-05-20T01:00:00+00:00', 60, 'http://static.tvmaze.com/uploads/images/medium_landscape/1/2599.jpg', 'http://static.tvmaze.com/uploads/images/original_untouched/1/2599.jpg', '<p>King\'s Landing hosts a wedding, and Tyrion and Sansa spend the night together. Daenerys meets the Titan\'s Bastard. Davos demands proof from Melisandre. Sam and Gilly meet an older Gentleman.</p>', 'http://api.tvmaze.com/episodes/4979'),
(82, 'http://www.tvmaze.com/shows/82/game-of-thrones', 'Game of Thrones', 'Scripted', 'English', 'Fantasy', 'Ended', 60, 'http://www.hbo.com/game-of-thrones', '21:00', 'Sunday', 8, 'HBO', 'United States', 'US', 'America/New_York', 22, 'HBO Go', 'United States', 'US', 'America/New_York', 24493, 121361, 'tt0944947', 'http://static.tvmaze.com/uploads/images/medium_portrait/190/476117.jpg', 'http://static.tvmaze.com/uploads/images/original_untouched/190/476117.jpg', '<p>Based on the bestselling book series <i>A Song of Ice and Fire</i> by George R.R. Martin, this sprawling new HBO drama is set in a world where summers span decades and winters can last a lifetime. From the scheming south and the savage eastern lands, to the frozen north and ancient Wall that protects the realm from the mysterious darkness beyond, the powerful families of the Seven Kingdoms are locked in a battle for the Iron Throne. This is a story of duplicity and treachery, nobility and honor, conquest and triumph. In the <b>Game of Thrones</b>, you either win or you die.</p>', 1611261307, 'http://api.tvmaze.com/shows/82', 'http://api.tvmaze.com/episodes/1623968', 4980, 'http://www.tvmaze.com/episodes/4980/game-of-thrones-3x09-the-rains-of-castamere', 'The Rains of Castamere', 3, 9, 'regular', '21:00', '2013-06-03T01:00:00+00:00', 60, 'http://static.tvmaze.com/uploads/images/medium_landscape/1/2598.jpg', 'http://static.tvmaze.com/uploads/images/original_untouched/1/2598.jpg', '<p>Robb presents himself to Walder Frey, and Edmure meets his bride. Jon faces his harshest test yet. Bran discovers a new gift. Daario and Jorah debate how to take Yunkai. House Frey joins with House Tully.</p>', 'http://api.tvmaze.com/episodes/4980');
INSERT INTO `shows` (`id`, `url`, `name`, `type`, `language`, `genres`, `status`, `runtime`, `officialSite`, `schedule_time`, `schedule_days`, `network_id`, `network_name`, `network_country_name`, `network_country_code`, `network_country_timezone`, `webChannel_id`, `webChannel_name`, `webChannel_country_name`, `webChannel_country_code`, `webChannel_country_timezone`, `externals_tvrage`, `externals_thetvdb`, `externals_imdb`, `image_medium`, `image_original`, `summary`, `updated`, `links_self_href`, `links_previousepisode_href`, `embedded_episodes_id`, `embedded_episodes_url`, `embedded_episodes_name`, `embedded_episodes_season`, `embedded_episodes_number`, `embedded_episodes_type`, `embedded_episodes_airtime`, `embedded_episodes_airstamp`, `embedded_episodes_runtime`, `embedded_episodes_image_medium`, `embedded_episodes_image_original`, `embedded_episodes_summary`, `embedded_episodes_links_self_href`) VALUES
(82, 'http://www.tvmaze.com/shows/82/game-of-thrones', 'Game of Thrones', 'Scripted', 'English', 'Fantasy', 'Ended', 60, 'http://www.hbo.com/game-of-thrones', '21:00', 'Sunday', 8, 'HBO', 'United States', 'US', 'America/New_York', 22, 'HBO Go', 'United States', 'US', 'America/New_York', 24493, 121361, 'tt0944947', 'http://static.tvmaze.com/uploads/images/medium_portrait/190/476117.jpg', 'http://static.tvmaze.com/uploads/images/original_untouched/190/476117.jpg', '<p>Based on the bestselling book series <i>A Song of Ice and Fire</i> by George R.R. Martin, this sprawling new HBO drama is set in a world where summers span decades and winters can last a lifetime. From the scheming south and the savage eastern lands, to the frozen north and ancient Wall that protects the realm from the mysterious darkness beyond, the powerful families of the Seven Kingdoms are locked in a battle for the Iron Throne. This is a story of duplicity and treachery, nobility and honor, conquest and triumph. In the <b>Game of Thrones</b>, you either win or you die.</p>', 1611261307, 'http://api.tvmaze.com/shows/82', 'http://api.tvmaze.com/episodes/1623968', 4981, 'http://www.tvmaze.com/episodes/4981/game-of-thrones-3x10-mhysa', 'Mhysa', 3, 10, 'regular', '21:00', '2013-06-10T01:00:00+00:00', 60, 'http://static.tvmaze.com/uploads/images/medium_landscape/1/2597.jpg', 'http://static.tvmaze.com/uploads/images/original_untouched/1/2597.jpg', '<p>Joffrey challenges Tywin. Bran tells a ghost story. In Dragonstone, mercy comes from strange quarters. Daenerys waits to see if she is a conqueror or a liberator.</p>', 'http://api.tvmaze.com/episodes/4981'),
(82, 'http://www.tvmaze.com/shows/82/game-of-thrones', 'Game of Thrones', 'Scripted', 'English', 'Fantasy', 'Ended', 60, 'http://www.hbo.com/game-of-thrones', '21:00', 'Sunday', 8, 'HBO', 'United States', 'US', 'America/New_York', 22, 'HBO Go', 'United States', 'US', 'America/New_York', 24493, 121361, 'tt0944947', 'http://static.tvmaze.com/uploads/images/medium_portrait/190/476117.jpg', 'http://static.tvmaze.com/uploads/images/original_untouched/190/476117.jpg', '<p>Based on the bestselling book series <i>A Song of Ice and Fire</i> by George R.R. Martin, this sprawling new HBO drama is set in a world where summers span decades and winters can last a lifetime. From the scheming south and the savage eastern lands, to the frozen north and ancient Wall that protects the realm from the mysterious darkness beyond, the powerful families of the Seven Kingdoms are locked in a battle for the Iron Throne. This is a story of duplicity and treachery, nobility and honor, conquest and triumph. In the <b>Game of Thrones</b>, you either win or you die.</p>', 1611261307, 'http://api.tvmaze.com/shows/82', 'http://api.tvmaze.com/episodes/1623968', 4982, 'http://www.tvmaze.com/episodes/4982/game-of-thrones-4x01-two-swords', 'Two Swords', 4, 1, 'regular', '21:00', '2014-04-07T01:00:00+00:00', 60, 'http://static.tvmaze.com/uploads/images/medium_landscape/1/2583.jpg', 'http://static.tvmaze.com/uploads/images/original_untouched/1/2583.jpg', '<p>Tyrion welcomes a guest to King\'s Landing. At Castle Black, Jon Snow finds himself unwelcome. Dany is pointed to Meereen, the mother of all slave cities. Arya runs into an old friend.</p>', 'http://api.tvmaze.com/episodes/4982'),
(82, 'http://www.tvmaze.com/shows/82/game-of-thrones', 'Game of Thrones', 'Scripted', 'English', 'Fantasy', 'Ended', 60, 'http://www.hbo.com/game-of-thrones', '21:00', 'Sunday', 8, 'HBO', 'United States', 'US', 'America/New_York', 22, 'HBO Go', 'United States', 'US', 'America/New_York', 24493, 121361, 'tt0944947', 'http://static.tvmaze.com/uploads/images/medium_portrait/190/476117.jpg', 'http://static.tvmaze.com/uploads/images/original_untouched/190/476117.jpg', '<p>Based on the bestselling book series <i>A Song of Ice and Fire</i> by George R.R. Martin, this sprawling new HBO drama is set in a world where summers span decades and winters can last a lifetime. From the scheming south and the savage eastern lands, to the frozen north and ancient Wall that protects the realm from the mysterious darkness beyond, the powerful families of the Seven Kingdoms are locked in a battle for the Iron Throne. This is a story of duplicity and treachery, nobility and honor, conquest and triumph. In the <b>Game of Thrones</b>, you either win or you die.</p>', 1611261307, 'http://api.tvmaze.com/shows/82', 'http://api.tvmaze.com/episodes/1623968', 4983, 'http://www.tvmaze.com/episodes/4983/game-of-thrones-4x02-the-lion-and-the-rose', 'The Lion and the Rose', 4, 2, 'regular', '21:00', '2014-04-14T01:00:00+00:00', 60, 'http://static.tvmaze.com/uploads/images/medium_landscape/1/2584.jpg', 'http://static.tvmaze.com/uploads/images/original_untouched/1/2584.jpg', '<p>Tyrion lends Jaime a hand. Joffrey and Margaery host a breakfast. At Dragonstone, Stannis loses patience with Davos. Ramsay finds a purpose for his pet. North of the Wall, Bran sees where they must go.</p>', 'http://api.tvmaze.com/episodes/4983'),
(82, 'http://www.tvmaze.com/shows/82/game-of-thrones', 'Game of Thrones', 'Scripted', 'English', 'Fantasy', 'Ended', 60, 'http://www.hbo.com/game-of-thrones', '21:00', 'Sunday', 8, 'HBO', 'United States', 'US', 'America/New_York', 22, 'HBO Go', 'United States', 'US', 'America/New_York', 24493, 121361, 'tt0944947', 'http://static.tvmaze.com/uploads/images/medium_portrait/190/476117.jpg', 'http://static.tvmaze.com/uploads/images/original_untouched/190/476117.jpg', '<p>Based on the bestselling book series <i>A Song of Ice and Fire</i> by George R.R. Martin, this sprawling new HBO drama is set in a world where summers span decades and winters can last a lifetime. From the scheming south and the savage eastern lands, to the frozen north and ancient Wall that protects the realm from the mysterious darkness beyond, the powerful families of the Seven Kingdoms are locked in a battle for the Iron Throne. This is a story of duplicity and treachery, nobility and honor, conquest and triumph. In the <b>Game of Thrones</b>, you either win or you die.</p>', 1611261307, 'http://api.tvmaze.com/shows/82', 'http://api.tvmaze.com/episodes/1623968', 4984, 'http://www.tvmaze.com/episodes/4984/game-of-thrones-4x03-breaker-of-chains', 'Breaker of Chains', 4, 3, 'regular', '21:00', '2014-04-21T01:00:00+00:00', 60, 'http://static.tvmaze.com/uploads/images/medium_landscape/1/2585.jpg', 'http://static.tvmaze.com/uploads/images/original_untouched/1/2585.jpg', '<p>Tyrion ponders his options. Tywin extends an olive branch. Sam realizes Castle Black isn\'t safe, and Jon proposes a bold plan. The Hound teaches Arya the way things are. Dany chooses her Champion.</p>', 'http://api.tvmaze.com/episodes/4984'),
(82, 'http://www.tvmaze.com/shows/82/game-of-thrones', 'Game of Thrones', 'Scripted', 'English', 'Fantasy', 'Ended', 60, 'http://www.hbo.com/game-of-thrones', '21:00', 'Sunday', 8, 'HBO', 'United States', 'US', 'America/New_York', 22, 'HBO Go', 'United States', 'US', 'America/New_York', 24493, 121361, 'tt0944947', 'http://static.tvmaze.com/uploads/images/medium_portrait/190/476117.jpg', 'http://static.tvmaze.com/uploads/images/original_untouched/190/476117.jpg', '<p>Based on the bestselling book series <i>A Song of Ice and Fire</i> by George R.R. Martin, this sprawling new HBO drama is set in a world where summers span decades and winters can last a lifetime. From the scheming south and the savage eastern lands, to the frozen north and ancient Wall that protects the realm from the mysterious darkness beyond, the powerful families of the Seven Kingdoms are locked in a battle for the Iron Throne. This is a story of duplicity and treachery, nobility and honor, conquest and triumph. In the <b>Game of Thrones</b>, you either win or you die.</p>', 1611261307, 'http://api.tvmaze.com/shows/82', 'http://api.tvmaze.com/episodes/1623968', 4985, 'http://www.tvmaze.com/episodes/4985/game-of-thrones-4x04-oathkeeper', 'Oathkeeper', 4, 4, 'regular', '21:00', '2014-04-28T01:00:00+00:00', 60, 'http://static.tvmaze.com/uploads/images/medium_landscape/1/2586.jpg', 'http://static.tvmaze.com/uploads/images/original_untouched/1/2586.jpg', '<p>Dany balances justice and mercy. Jaime tasks Brienne with his honor. Jon secures volunteers while Bran, Jojen, Meera and Hodor stumble on shelter.</p>', 'http://api.tvmaze.com/episodes/4985'),
(82, 'http://www.tvmaze.com/shows/82/game-of-thrones', 'Game of Thrones', 'Scripted', 'English', 'Fantasy', 'Ended', 60, 'http://www.hbo.com/game-of-thrones', '21:00', 'Sunday', 8, 'HBO', 'United States', 'US', 'America/New_York', 22, 'HBO Go', 'United States', 'US', 'America/New_York', 24493, 121361, 'tt0944947', 'http://static.tvmaze.com/uploads/images/medium_portrait/190/476117.jpg', 'http://static.tvmaze.com/uploads/images/original_untouched/190/476117.jpg', '<p>Based on the bestselling book series <i>A Song of Ice and Fire</i> by George R.R. Martin, this sprawling new HBO drama is set in a world where summers span decades and winters can last a lifetime. From the scheming south and the savage eastern lands, to the frozen north and ancient Wall that protects the realm from the mysterious darkness beyond, the powerful families of the Seven Kingdoms are locked in a battle for the Iron Throne. This is a story of duplicity and treachery, nobility and honor, conquest and triumph. In the <b>Game of Thrones</b>, you either win or you die.</p>', 1611261307, 'http://api.tvmaze.com/shows/82', 'http://api.tvmaze.com/episodes/1623968', 4986, 'http://www.tvmaze.com/episodes/4986/game-of-thrones-4x05-first-of-his-name', 'First of His Name', 4, 5, 'regular', '21:00', '2014-05-05T01:00:00+00:00', 60, 'http://static.tvmaze.com/uploads/images/medium_landscape/1/2587.jpg', 'http://static.tvmaze.com/uploads/images/original_untouched/1/2587.jpg', '<p>Cersei and Tywin plot the Crown\'s next move. Dany discusses future plans. Jon embarks on a new mission.</p>', 'http://api.tvmaze.com/episodes/4986'),
(82, 'http://www.tvmaze.com/shows/82/game-of-thrones', 'Game of Thrones', 'Scripted', 'English', 'Fantasy', 'Ended', 60, 'http://www.hbo.com/game-of-thrones', '21:00', 'Sunday', 8, 'HBO', 'United States', 'US', 'America/New_York', 22, 'HBO Go', 'United States', 'US', 'America/New_York', 24493, 121361, 'tt0944947', 'http://static.tvmaze.com/uploads/images/medium_portrait/190/476117.jpg', 'http://static.tvmaze.com/uploads/images/original_untouched/190/476117.jpg', '<p>Based on the bestselling book series <i>A Song of Ice and Fire</i> by George R.R. Martin, this sprawling new HBO drama is set in a world where summers span decades and winters can last a lifetime. From the scheming south and the savage eastern lands, to the frozen north and ancient Wall that protects the realm from the mysterious darkness beyond, the powerful families of the Seven Kingdoms are locked in a battle for the Iron Throne. This is a story of duplicity and treachery, nobility and honor, conquest and triumph. In the <b>Game of Thrones</b>, you either win or you die.</p>', 1611261307, 'http://api.tvmaze.com/shows/82', 'http://api.tvmaze.com/episodes/1623968', 4987, 'http://www.tvmaze.com/episodes/4987/game-of-thrones-4x06-the-laws-of-gods-and-men', 'The Laws of Gods and Men', 4, 6, 'regular', '21:00', '2014-05-12T01:00:00+00:00', 60, 'http://static.tvmaze.com/uploads/images/medium_landscape/1/2588.jpg', 'http://static.tvmaze.com/uploads/images/original_untouched/1/2588.jpg', '<p>Stannis and Davos set sail with a new strategy. Dany meets with supplicants. Tyrion faces down his father in the throne room.</p>', 'http://api.tvmaze.com/episodes/4987'),
(82, 'http://www.tvmaze.com/shows/82/game-of-thrones', 'Game of Thrones', 'Scripted', 'English', 'Fantasy', 'Ended', 60, 'http://www.hbo.com/game-of-thrones', '21:00', 'Sunday', 8, 'HBO', 'United States', 'US', 'America/New_York', 22, 'HBO Go', 'United States', 'US', 'America/New_York', 24493, 121361, 'tt0944947', 'http://static.tvmaze.com/uploads/images/medium_portrait/190/476117.jpg', 'http://static.tvmaze.com/uploads/images/original_untouched/190/476117.jpg', '<p>Based on the bestselling book series <i>A Song of Ice and Fire</i> by George R.R. Martin, this sprawling new HBO drama is set in a world where summers span decades and winters can last a lifetime. From the scheming south and the savage eastern lands, to the frozen north and ancient Wall that protects the realm from the mysterious darkness beyond, the powerful families of the Seven Kingdoms are locked in a battle for the Iron Throne. This is a story of duplicity and treachery, nobility and honor, conquest and triumph. In the <b>Game of Thrones</b>, you either win or you die.</p>', 1611261307, 'http://api.tvmaze.com/shows/82', 'http://api.tvmaze.com/episodes/1623968', 4988, 'http://www.tvmaze.com/episodes/4988/game-of-thrones-4x07-mockingbird', 'Mockingbird', 4, 7, 'regular', '21:00', '2014-05-19T01:00:00+00:00', 60, 'http://static.tvmaze.com/uploads/images/medium_landscape/1/2589.jpg', 'http://static.tvmaze.com/uploads/images/original_untouched/1/2589.jpg', '<p>Tyrion enlists an unlikely ally. Daario entreats Dany to allow him to do what he does best. Jon\'s warnings about the Wall\'s vulnerability fall on deaf ears. Brienne follows a new lead on the road with Pod.</p>', 'http://api.tvmaze.com/episodes/4988'),
(82, 'http://www.tvmaze.com/shows/82/game-of-thrones', 'Game of Thrones', 'Scripted', 'English', 'Fantasy', 'Ended', 60, 'http://www.hbo.com/game-of-thrones', '21:00', 'Sunday', 8, 'HBO', 'United States', 'US', 'America/New_York', 22, 'HBO Go', 'United States', 'US', 'America/New_York', 24493, 121361, 'tt0944947', 'http://static.tvmaze.com/uploads/images/medium_portrait/190/476117.jpg', 'http://static.tvmaze.com/uploads/images/original_untouched/190/476117.jpg', '<p>Based on the bestselling book series <i>A Song of Ice and Fire</i> by George R.R. Martin, this sprawling new HBO drama is set in a world where summers span decades and winters can last a lifetime. From the scheming south and the savage eastern lands, to the frozen north and ancient Wall that protects the realm from the mysterious darkness beyond, the powerful families of the Seven Kingdoms are locked in a battle for the Iron Throne. This is a story of duplicity and treachery, nobility and honor, conquest and triumph. In the <b>Game of Thrones</b>, you either win or you die.</p>', 1611261307, 'http://api.tvmaze.com/shows/82', 'http://api.tvmaze.com/episodes/1623968', 4989, 'http://www.tvmaze.com/episodes/4989/game-of-thrones-4x08-the-mountain-and-the-viper', 'The Mountain and the Viper', 4, 8, 'regular', '21:00', '2014-06-02T01:00:00+00:00', 60, 'http://static.tvmaze.com/uploads/images/medium_landscape/1/2591.jpg', 'http://static.tvmaze.com/uploads/images/original_untouched/1/2591.jpg', '<p>Mole\'s Town receives unexpected visitors. Littlefinger\'s motives are questioned. Ramsay attempts to prove himself to his father. Tyrion\'s fate is decided.</p>', 'http://api.tvmaze.com/episodes/4989'),
(82, 'http://www.tvmaze.com/shows/82/game-of-thrones', 'Game of Thrones', 'Scripted', 'English', 'Fantasy', 'Ended', 60, 'http://www.hbo.com/game-of-thrones', '21:00', 'Sunday', 8, 'HBO', 'United States', 'US', 'America/New_York', 22, 'HBO Go', 'United States', 'US', 'America/New_York', 24493, 121361, 'tt0944947', 'http://static.tvmaze.com/uploads/images/medium_portrait/190/476117.jpg', 'http://static.tvmaze.com/uploads/images/original_untouched/190/476117.jpg', '<p>Based on the bestselling book series <i>A Song of Ice and Fire</i> by George R.R. Martin, this sprawling new HBO drama is set in a world where summers span decades and winters can last a lifetime. From the scheming south and the savage eastern lands, to the frozen north and ancient Wall that protects the realm from the mysterious darkness beyond, the powerful families of the Seven Kingdoms are locked in a battle for the Iron Throne. This is a story of duplicity and treachery, nobility and honor, conquest and triumph. In the <b>Game of Thrones</b>, you either win or you die.</p>', 1611261307, 'http://api.tvmaze.com/shows/82', 'http://api.tvmaze.com/episodes/1623968', 4990, 'http://www.tvmaze.com/episodes/4990/game-of-thrones-4x09-the-watchers-on-the-wall', 'The Watchers on the Wall', 4, 9, 'regular', '21:00', '2014-06-09T01:00:00+00:00', 60, 'http://static.tvmaze.com/uploads/images/medium_landscape/1/2593.jpg', 'http://static.tvmaze.com/uploads/images/original_untouched/1/2593.jpg', '<p>Jon Snow and the rest of the Night\'s Watch face the biggest challenge to the Wall yet.</p>', 'http://api.tvmaze.com/episodes/4990'),
(82, 'http://www.tvmaze.com/shows/82/game-of-thrones', 'Game of Thrones', 'Scripted', 'English', 'Fantasy', 'Ended', 60, 'http://www.hbo.com/game-of-thrones', '21:00', 'Sunday', 8, 'HBO', 'United States', 'US', 'America/New_York', 22, 'HBO Go', 'United States', 'US', 'America/New_York', 24493, 121361, 'tt0944947', 'http://static.tvmaze.com/uploads/images/medium_portrait/190/476117.jpg', 'http://static.tvmaze.com/uploads/images/original_untouched/190/476117.jpg', '<p>Based on the bestselling book series <i>A Song of Ice and Fire</i> by George R.R. Martin, this sprawling new HBO drama is set in a world where summers span decades and winters can last a lifetime. From the scheming south and the savage eastern lands, to the frozen north and ancient Wall that protects the realm from the mysterious darkness beyond, the powerful families of the Seven Kingdoms are locked in a battle for the Iron Throne. This is a story of duplicity and treachery, nobility and honor, conquest and triumph. In the <b>Game of Thrones</b>, you either win or you die.</p>', 1611261307, 'http://api.tvmaze.com/shows/82', 'http://api.tvmaze.com/episodes/1623968', 4991, 'http://www.tvmaze.com/episodes/4991/game-of-thrones-4x10-the-children', 'The Children', 4, 10, 'regular', '21:00', '2014-06-16T01:00:00+00:00', 60, 'http://static.tvmaze.com/uploads/images/medium_landscape/1/2594.jpg', 'http://static.tvmaze.com/uploads/images/original_untouched/1/2594.jpg', '<p>An unexpected arrival north of the Wall changes circumstances. Dany is forced to face harsh realities. Bran learns more of his destiny. Tyrion sees the truth of his situation.</p>', 'http://api.tvmaze.com/episodes/4991'),
(82, 'http://www.tvmaze.com/shows/82/game-of-thrones', 'Game of Thrones', 'Scripted', 'English', 'Fantasy', 'Ended', 60, 'http://www.hbo.com/game-of-thrones', '21:00', 'Sunday', 8, 'HBO', 'United States', 'US', 'America/New_York', 22, 'HBO Go', 'United States', 'US', 'America/New_York', 24493, 121361, 'tt0944947', 'http://static.tvmaze.com/uploads/images/medium_portrait/190/476117.jpg', 'http://static.tvmaze.com/uploads/images/original_untouched/190/476117.jpg', '<p>Based on the bestselling book series <i>A Song of Ice and Fire</i> by George R.R. Martin, this sprawling new HBO drama is set in a world where summers span decades and winters can last a lifetime. From the scheming south and the savage eastern lands, to the frozen north and ancient Wall that protects the realm from the mysterious darkness beyond, the powerful families of the Seven Kingdoms are locked in a battle for the Iron Throne. This is a story of duplicity and treachery, nobility and honor, conquest and triumph. In the <b>Game of Thrones</b>, you either win or you die.</p>', 1611261307, 'http://api.tvmaze.com/shows/82', 'http://api.tvmaze.com/episodes/1623968', 116522, 'http://www.tvmaze.com/episodes/116522/game-of-thrones-5x01-the-wars-to-come', 'The Wars to Come', 5, 1, 'regular', '21:00', '2015-04-13T01:00:00+00:00', 60, 'http://static.tvmaze.com/uploads/images/medium_landscape/10/25988.jpg', 'http://static.tvmaze.com/uploads/images/original_untouched/10/25988.jpg', '<p>Varys discusses a conspiracy with Tyrion; Daenerys\' rule faces a new threat; Jon finds himself between two kings; and Cersei and Jaime try to move on from Tywin\'s demise.</p>', 'http://api.tvmaze.com/episodes/116522'),
(82, 'http://www.tvmaze.com/shows/82/game-of-thrones', 'Game of Thrones', 'Scripted', 'English', 'Fantasy', 'Ended', 60, 'http://www.hbo.com/game-of-thrones', '21:00', 'Sunday', 8, 'HBO', 'United States', 'US', 'America/New_York', 22, 'HBO Go', 'United States', 'US', 'America/New_York', 24493, 121361, 'tt0944947', 'http://static.tvmaze.com/uploads/images/medium_portrait/190/476117.jpg', 'http://static.tvmaze.com/uploads/images/original_untouched/190/476117.jpg', '<p>Based on the bestselling book series <i>A Song of Ice and Fire</i> by George R.R. Martin, this sprawling new HBO drama is set in a world where summers span decades and winters can last a lifetime. From the scheming south and the savage eastern lands, to the frozen north and ancient Wall that protects the realm from the mysterious darkness beyond, the powerful families of the Seven Kingdoms are locked in a battle for the Iron Throne. This is a story of duplicity and treachery, nobility and honor, conquest and triumph. In the <b>Game of Thrones</b>, you either win or you die.</p>', 1611261307, 'http://api.tvmaze.com/shows/82', 'http://api.tvmaze.com/episodes/1623968', 144328, 'http://www.tvmaze.com/episodes/144328/game-of-thrones-5x02-the-house-of-black-and-white', 'The House of Black and White', 5, 2, 'regular', '21:00', '2015-04-20T01:00:00+00:00', 60, 'http://static.tvmaze.com/uploads/images/medium_landscape/10/25989.jpg', 'http://static.tvmaze.com/uploads/images/original_untouched/10/25989.jpg', '<p>Arya arrives in Braavos; Brienne and Podrick find danger while traveling; Cersei worries about Myrcella in Dorne when Ellaria Sand seeks revenge for Oberyn\'s death; Jon is tempted by Stannis.</p>', 'http://api.tvmaze.com/episodes/144328'),
(82, 'http://www.tvmaze.com/shows/82/game-of-thrones', 'Game of Thrones', 'Scripted', 'English', 'Fantasy', 'Ended', 60, 'http://www.hbo.com/game-of-thrones', '21:00', 'Sunday', 8, 'HBO', 'United States', 'US', 'America/New_York', 22, 'HBO Go', 'United States', 'US', 'America/New_York', 24493, 121361, 'tt0944947', 'http://static.tvmaze.com/uploads/images/medium_portrait/190/476117.jpg', 'http://static.tvmaze.com/uploads/images/original_untouched/190/476117.jpg', '<p>Based on the bestselling book series <i>A Song of Ice and Fire</i> by George R.R. Martin, this sprawling new HBO drama is set in a world where summers span decades and winters can last a lifetime. From the scheming south and the savage eastern lands, to the frozen north and ancient Wall that protects the realm from the mysterious darkness beyond, the powerful families of the Seven Kingdoms are locked in a battle for the Iron Throne. This is a story of duplicity and treachery, nobility and honor, conquest and triumph. In the <b>Game of Thrones</b>, you either win or you die.</p>', 1611261307, 'http://api.tvmaze.com/shows/82', 'http://api.tvmaze.com/episodes/1623968', 144329, 'http://www.tvmaze.com/episodes/144329/game-of-thrones-5x03-high-sparrow', 'High Sparrow', 5, 3, 'regular', '21:00', '2015-04-27T01:00:00+00:00', 60, 'http://static.tvmaze.com/uploads/images/medium_landscape/10/25990.jpg', 'http://static.tvmaze.com/uploads/images/original_untouched/10/25990.jpg', '<p>Cersei meets the High Sparrow after learning of a clergyman\'s embarrassing tale. Meanwhile, Davos talks to Jon about the future of Winterfell, where Ramsay Snow has just learned the identity of his future bride; Arya grows impatient doing menial tasks in the House of Black and White; and Tyrion searches for more comfortable surroundings on a long trip with Varys.</p>', 'http://api.tvmaze.com/episodes/144329'),
(82, 'http://www.tvmaze.com/shows/82/game-of-thrones', 'Game of Thrones', 'Scripted', 'English', 'Fantasy', 'Ended', 60, 'http://www.hbo.com/game-of-thrones', '21:00', 'Sunday', 8, 'HBO', 'United States', 'US', 'America/New_York', 22, 'HBO Go', 'United States', 'US', 'America/New_York', 24493, 121361, 'tt0944947', 'http://static.tvmaze.com/uploads/images/medium_portrait/190/476117.jpg', 'http://static.tvmaze.com/uploads/images/original_untouched/190/476117.jpg', '<p>Based on the bestselling book series <i>A Song of Ice and Fire</i> by George R.R. Martin, this sprawling new HBO drama is set in a world where summers span decades and winters can last a lifetime. From the scheming south and the savage eastern lands, to the frozen north and ancient Wall that protects the realm from the mysterious darkness beyond, the powerful families of the Seven Kingdoms are locked in a battle for the Iron Throne. This is a story of duplicity and treachery, nobility and honor, conquest and triumph. In the <b>Game of Thrones</b>, you either win or you die.</p>', 1611261307, 'http://api.tvmaze.com/shows/82', 'http://api.tvmaze.com/episodes/1623968', 144330, 'http://www.tvmaze.com/episodes/144330/game-of-thrones-5x04-sons-of-the-harpy', 'Sons of the Harpy', 5, 4, 'regular', '21:00', '2015-05-04T01:00:00+00:00', 60, 'http://static.tvmaze.com/uploads/images/medium_landscape/10/26444.jpg', 'http://static.tvmaze.com/uploads/images/original_untouched/10/26444.jpg', '<p>Margaery seeks prudent counsel. Jaime Struggles in foreign lands. Dany answers the Harpy\'s call.</p>', 'http://api.tvmaze.com/episodes/144330'),
(82, 'http://www.tvmaze.com/shows/82/game-of-thrones', 'Game of Thrones', 'Scripted', 'English', 'Fantasy', 'Ended', 60, 'http://www.hbo.com/game-of-thrones', '21:00', 'Sunday', 8, 'HBO', 'United States', 'US', 'America/New_York', 22, 'HBO Go', 'United States', 'US', 'America/New_York', 24493, 121361, 'tt0944947', 'http://static.tvmaze.com/uploads/images/medium_portrait/190/476117.jpg', 'http://static.tvmaze.com/uploads/images/original_untouched/190/476117.jpg', '<p>Based on the bestselling book series <i>A Song of Ice and Fire</i> by George R.R. Martin, this sprawling new HBO drama is set in a world where summers span decades and winters can last a lifetime. From the scheming south and the savage eastern lands, to the frozen north and ancient Wall that protects the realm from the mysterious darkness beyond, the powerful families of the Seven Kingdoms are locked in a battle for the Iron Throne. This is a story of duplicity and treachery, nobility and honor, conquest and triumph. In the <b>Game of Thrones</b>, you either win or you die.</p>', 1611261307, 'http://api.tvmaze.com/shows/82', 'http://api.tvmaze.com/episodes/1623968', 151777, 'http://www.tvmaze.com/episodes/151777/game-of-thrones-5x05-kill-the-boy', 'Kill the Boy', 5, 5, 'regular', '21:00', '2015-05-11T01:00:00+00:00', 60, 'http://static.tvmaze.com/uploads/images/medium_landscape/10/26819.jpg', 'http://static.tvmaze.com/uploads/images/original_untouched/10/26819.jpg', '<p>Dany makes a difficult decision in Meereen. Jon recruits the help of an unexpected ally. Brienne searches for Sansa. Theon remains under Ramsay\'s control.</p>', 'http://api.tvmaze.com/episodes/151777'),
(82, 'http://www.tvmaze.com/shows/82/game-of-thrones', 'Game of Thrones', 'Scripted', 'English', 'Fantasy', 'Ended', 60, 'http://www.hbo.com/game-of-thrones', '21:00', 'Sunday', 8, 'HBO', 'United States', 'US', 'America/New_York', 22, 'HBO Go', 'United States', 'US', 'America/New_York', 24493, 121361, 'tt0944947', 'http://static.tvmaze.com/uploads/images/medium_portrait/190/476117.jpg', 'http://static.tvmaze.com/uploads/images/original_untouched/190/476117.jpg', '<p>Based on the bestselling book series <i>A Song of Ice and Fire</i> by George R.R. Martin, this sprawling new HBO drama is set in a world where summers span decades and winters can last a lifetime. From the scheming south and the savage eastern lands, to the frozen north and ancient Wall that protects the realm from the mysterious darkness beyond, the powerful families of the Seven Kingdoms are locked in a battle for the Iron Throne. This is a story of duplicity and treachery, nobility and honor, conquest and triumph. In the <b>Game of Thrones</b>, you either win or you die.</p>', 1611261307, 'http://api.tvmaze.com/shows/82', 'http://api.tvmaze.com/episodes/1623968', 152766, 'http://www.tvmaze.com/episodes/152766/game-of-thrones-5x06-unbowed-unbent-unbroken', 'Unbowed, Unbent, Unbroken', 5, 6, 'regular', '21:00', '2015-05-18T01:00:00+00:00', 60, 'http://static.tvmaze.com/uploads/images/medium_landscape/10/27259.jpg', 'http://static.tvmaze.com/uploads/images/original_untouched/10/27259.jpg', '<p>Arya trains. Jorah and Tyrion run into slavers. Trystane and Myrcella make plans. Jaime and Bronn reach their destination. The Sand Snakes attack.</p>', 'http://api.tvmaze.com/episodes/152766'),
(82, 'http://www.tvmaze.com/shows/82/game-of-thrones', 'Game of Thrones', 'Scripted', 'English', 'Fantasy', 'Ended', 60, 'http://www.hbo.com/game-of-thrones', '21:00', 'Sunday', 8, 'HBO', 'United States', 'US', 'America/New_York', 22, 'HBO Go', 'United States', 'US', 'America/New_York', 24493, 121361, 'tt0944947', 'http://static.tvmaze.com/uploads/images/medium_portrait/190/476117.jpg', 'http://static.tvmaze.com/uploads/images/original_untouched/190/476117.jpg', '<p>Based on the bestselling book series <i>A Song of Ice and Fire</i> by George R.R. Martin, this sprawling new HBO drama is set in a world where summers span decades and winters can last a lifetime. From the scheming south and the savage eastern lands, to the frozen north and ancient Wall that protects the realm from the mysterious darkness beyond, the powerful families of the Seven Kingdoms are locked in a battle for the Iron Throne. This is a story of duplicity and treachery, nobility and honor, conquest and triumph. In the <b>Game of Thrones</b>, you either win or you die.</p>', 1611261307, 'http://api.tvmaze.com/shows/82', 'http://api.tvmaze.com/episodes/1623968', 153327, 'http://www.tvmaze.com/episodes/153327/game-of-thrones-5x07-the-gift', 'The Gift', 5, 7, 'regular', '21:00', '2015-05-25T01:00:00+00:00', 60, 'http://static.tvmaze.com/uploads/images/medium_landscape/11/27535.jpg', 'http://static.tvmaze.com/uploads/images/original_untouched/11/27535.jpg', '<p>Jon prepares for conflict. Sansa tries to talk to Theon. Brienne waits for a sign. Stannis remains stubborn. Jaime attempts to reconnect with family.</p><p><br><br></p>', 'http://api.tvmaze.com/episodes/153327'),
(82, 'http://www.tvmaze.com/shows/82/game-of-thrones', 'Game of Thrones', 'Scripted', 'English', 'Fantasy', 'Ended', 60, 'http://www.hbo.com/game-of-thrones', '21:00', 'Sunday', 8, 'HBO', 'United States', 'US', 'America/New_York', 22, 'HBO Go', 'United States', 'US', 'America/New_York', 24493, 121361, 'tt0944947', 'http://static.tvmaze.com/uploads/images/medium_portrait/190/476117.jpg', 'http://static.tvmaze.com/uploads/images/original_untouched/190/476117.jpg', '<p>Based on the bestselling book series <i>A Song of Ice and Fire</i> by George R.R. Martin, this sprawling new HBO drama is set in a world where summers span decades and winters can last a lifetime. From the scheming south and the savage eastern lands, to the frozen north and ancient Wall that protects the realm from the mysterious darkness beyond, the powerful families of the Seven Kingdoms are locked in a battle for the Iron Throne. This is a story of duplicity and treachery, nobility and honor, conquest and triumph. In the <b>Game of Thrones</b>, you either win or you die.</p>', 1611261307, 'http://api.tvmaze.com/shows/82', 'http://api.tvmaze.com/episodes/1623968', 155299, 'http://www.tvmaze.com/episodes/155299/game-of-thrones-5x08-hardhome', 'Hardhome', 5, 8, 'regular', '21:00', '2015-06-01T01:00:00+00:00', 60, 'http://static.tvmaze.com/uploads/images/medium_landscape/11/28151.jpg', 'http://static.tvmaze.com/uploads/images/original_untouched/11/28151.jpg', '<p>Arya makes progress in her training. Sansa confronts an old friend. Cersei struggles. Jon travels.</p><p><br><br></p>', 'http://api.tvmaze.com/episodes/155299'),
(82, 'http://www.tvmaze.com/shows/82/game-of-thrones', 'Game of Thrones', 'Scripted', 'English', 'Fantasy', 'Ended', 60, 'http://www.hbo.com/game-of-thrones', '21:00', 'Sunday', 8, 'HBO', 'United States', 'US', 'America/New_York', 22, 'HBO Go', 'United States', 'US', 'America/New_York', 24493, 121361, 'tt0944947', 'http://static.tvmaze.com/uploads/images/medium_portrait/190/476117.jpg', 'http://static.tvmaze.com/uploads/images/original_untouched/190/476117.jpg', '<p>Based on the bestselling book series <i>A Song of Ice and Fire</i> by George R.R. Martin, this sprawling new HBO drama is set in a world where summers span decades and winters can last a lifetime. From the scheming south and the savage eastern lands, to the frozen north and ancient Wall that protects the realm from the mysterious darkness beyond, the powerful families of the Seven Kingdoms are locked in a battle for the Iron Throne. This is a story of duplicity and treachery, nobility and honor, conquest and triumph. In the <b>Game of Thrones</b>, you either win or you die.</p>', 1611261307, 'http://api.tvmaze.com/shows/82', 'http://api.tvmaze.com/episodes/1623968', 160040, 'http://www.tvmaze.com/episodes/160040/game-of-thrones-5x09-the-dance-of-dragons', 'The Dance of Dragons', 5, 9, 'regular', '21:00', '2015-06-08T01:00:00+00:00', 60, 'http://static.tvmaze.com/uploads/images/medium_landscape/11/29160.jpg', 'http://static.tvmaze.com/uploads/images/original_untouched/11/29160.jpg', '<p>Stannis confronts a troubling decision. Jon returns to The Wall. Mace visits the Iron Bank. Arya encounters someone from her past. Dany reluctantly oversees a traditional celebration of athleticism.</p>', 'http://api.tvmaze.com/episodes/160040'),
(82, 'http://www.tvmaze.com/shows/82/game-of-thrones', 'Game of Thrones', 'Scripted', 'English', 'Fantasy', 'Ended', 60, 'http://www.hbo.com/game-of-thrones', '21:00', 'Sunday', 8, 'HBO', 'United States', 'US', 'America/New_York', 22, 'HBO Go', 'United States', 'US', 'America/New_York', 24493, 121361, 'tt0944947', 'http://static.tvmaze.com/uploads/images/medium_portrait/190/476117.jpg', 'http://static.tvmaze.com/uploads/images/original_untouched/190/476117.jpg', '<p>Based on the bestselling book series <i>A Song of Ice and Fire</i> by George R.R. Martin, this sprawling new HBO drama is set in a world where summers span decades and winters can last a lifetime. From the scheming south and the savage eastern lands, to the frozen north and ancient Wall that protects the realm from the mysterious darkness beyond, the powerful families of the Seven Kingdoms are locked in a battle for the Iron Throne. This is a story of duplicity and treachery, nobility and honor, conquest and triumph. In the <b>Game of Thrones</b>, you either win or you die.</p>', 1611261307, 'http://api.tvmaze.com/shows/82', 'http://api.tvmaze.com/episodes/1623968', 162186, 'http://www.tvmaze.com/episodes/162186/game-of-thrones-5x10-mothers-mercy', 'Mother\'s Mercy', 5, 10, 'regular', '21:00', '2015-06-15T01:00:00+00:00', 60, 'http://static.tvmaze.com/uploads/images/medium_landscape/12/30012.jpg', 'http://static.tvmaze.com/uploads/images/original_untouched/12/30012.jpg', '<p>Cersei seeks forgiveness; Jon faces a new challenge; Arya plots to cross a name off her list; Tyrion sees a familiar face; and Daenerys finds herself surrounded by strangers.</p>', 'http://api.tvmaze.com/episodes/162186'),
(82, 'http://www.tvmaze.com/shows/82/game-of-thrones', 'Game of Thrones', 'Scripted', 'English', 'Fantasy', 'Ended', 60, 'http://www.hbo.com/game-of-thrones', '21:00', 'Sunday', 8, 'HBO', 'United States', 'US', 'America/New_York', 22, 'HBO Go', 'United States', 'US', 'America/New_York', 24493, 121361, 'tt0944947', 'http://static.tvmaze.com/uploads/images/medium_portrait/190/476117.jpg', 'http://static.tvmaze.com/uploads/images/original_untouched/190/476117.jpg', '<p>Based on the bestselling book series <i>A Song of Ice and Fire</i> by George R.R. Martin, this sprawling new HBO drama is set in a world where summers span decades and winters can last a lifetime. From the scheming south and the savage eastern lands, to the frozen north and ancient Wall that protects the realm from the mysterious darkness beyond, the powerful families of the Seven Kingdoms are locked in a battle for the Iron Throne. This is a story of duplicity and treachery, nobility and honor, conquest and triumph. In the <b>Game of Thrones</b>, you either win or you die.</p>', 1611261307, 'http://api.tvmaze.com/shows/82', 'http://api.tvmaze.com/episodes/1623968', 560813, 'http://www.tvmaze.com/episodes/560813/game-of-thrones-6x01-the-red-woman', 'The Red Woman', 6, 1, 'regular', '21:00', '2016-04-25T01:00:00+00:00', 60, 'http://static.tvmaze.com/uploads/images/medium_landscape/56/142371.jpg', 'http://static.tvmaze.com/uploads/images/original_untouched/56/142371.jpg', '<p>Jon Snow is dead. Daenerys meets a strong man. Cersei sees her daughter again.</p>', 'http://api.tvmaze.com/episodes/560813'),
(82, 'http://www.tvmaze.com/shows/82/game-of-thrones', 'Game of Thrones', 'Scripted', 'English', 'Fantasy', 'Ended', 60, 'http://www.hbo.com/game-of-thrones', '21:00', 'Sunday', 8, 'HBO', 'United States', 'US', 'America/New_York', 22, 'HBO Go', 'United States', 'US', 'America/New_York', 24493, 121361, 'tt0944947', 'http://static.tvmaze.com/uploads/images/medium_portrait/190/476117.jpg', 'http://static.tvmaze.com/uploads/images/original_untouched/190/476117.jpg', '<p>Based on the bestselling book series <i>A Song of Ice and Fire</i> by George R.R. Martin, this sprawling new HBO drama is set in a world where summers span decades and winters can last a lifetime. From the scheming south and the savage eastern lands, to the frozen north and ancient Wall that protects the realm from the mysterious darkness beyond, the powerful families of the Seven Kingdoms are locked in a battle for the Iron Throne. This is a story of duplicity and treachery, nobility and honor, conquest and triumph. In the <b>Game of Thrones</b>, you either win or you die.</p>', 1611261307, 'http://api.tvmaze.com/shows/82', 'http://api.tvmaze.com/episodes/1623968', 664672, 'http://www.tvmaze.com/episodes/664672/game-of-thrones-6x02-home', 'Home', 6, 2, 'regular', '21:00', '2016-05-02T01:00:00+00:00', 60, 'http://static.tvmaze.com/uploads/images/medium_landscape/56/142372.jpg', 'http://static.tvmaze.com/uploads/images/original_untouched/56/142372.jpg', '<p>Bran trains with the Three-Eyed Raven. In King\'s Landing, Jaime advises Tommen. Tyrion demands good news, but has to make his own. At Castle Black, the Night\'s Watch stands behind Thorne. Ramsay Bolton proposes a plan, and Balon Greyjoy entertains other proposals.</p>', 'http://api.tvmaze.com/episodes/664672'),
(82, 'http://www.tvmaze.com/shows/82/game-of-thrones', 'Game of Thrones', 'Scripted', 'English', 'Fantasy', 'Ended', 60, 'http://www.hbo.com/game-of-thrones', '21:00', 'Sunday', 8, 'HBO', 'United States', 'US', 'America/New_York', 22, 'HBO Go', 'United States', 'US', 'America/New_York', 24493, 121361, 'tt0944947', 'http://static.tvmaze.com/uploads/images/medium_portrait/190/476117.jpg', 'http://static.tvmaze.com/uploads/images/original_untouched/190/476117.jpg', '<p>Based on the bestselling book series <i>A Song of Ice and Fire</i> by George R.R. Martin, this sprawling new HBO drama is set in a world where summers span decades and winters can last a lifetime. From the scheming south and the savage eastern lands, to the frozen north and ancient Wall that protects the realm from the mysterious darkness beyond, the powerful families of the Seven Kingdoms are locked in a battle for the Iron Throne. This is a story of duplicity and treachery, nobility and honor, conquest and triumph. In the <b>Game of Thrones</b>, you either win or you die.</p>', 1611261307, 'http://api.tvmaze.com/shows/82', 'http://api.tvmaze.com/episodes/1623968', 664673, 'http://www.tvmaze.com/episodes/664673/game-of-thrones-6x03-oathbreaker', 'Oathbreaker', 6, 3, 'regular', '21:00', '2016-05-09T01:00:00+00:00', 60, 'http://static.tvmaze.com/uploads/images/medium_landscape/56/142370.jpg', 'http://static.tvmaze.com/uploads/images/original_untouched/56/142370.jpg', '<p>Daenerys meets her future. Bran meets the past. Tommen confronts the High Sparrow. Arya trains to be No One. Varys finds an answer. Ramsay gets a gift.</p>', 'http://api.tvmaze.com/episodes/664673'),
(82, 'http://www.tvmaze.com/shows/82/game-of-thrones', 'Game of Thrones', 'Scripted', 'English', 'Fantasy', 'Ended', 60, 'http://www.hbo.com/game-of-thrones', '21:00', 'Sunday', 8, 'HBO', 'United States', 'US', 'America/New_York', 22, 'HBO Go', 'United States', 'US', 'America/New_York', 24493, 121361, 'tt0944947', 'http://static.tvmaze.com/uploads/images/medium_portrait/190/476117.jpg', 'http://static.tvmaze.com/uploads/images/original_untouched/190/476117.jpg', '<p>Based on the bestselling book series <i>A Song of Ice and Fire</i> by George R.R. Martin, this sprawling new HBO drama is set in a world where summers span decades and winters can last a lifetime. From the scheming south and the savage eastern lands, to the frozen north and ancient Wall that protects the realm from the mysterious darkness beyond, the powerful families of the Seven Kingdoms are locked in a battle for the Iron Throne. This is a story of duplicity and treachery, nobility and honor, conquest and triumph. In the <b>Game of Thrones</b>, you either win or you die.</p>', 1611261307, 'http://api.tvmaze.com/shows/82', 'http://api.tvmaze.com/episodes/1623968', 664674, 'http://www.tvmaze.com/episodes/664674/game-of-thrones-6x04-book-of-the-stranger', 'Book of the Stranger', 6, 4, 'regular', '21:00', '2016-05-16T01:00:00+00:00', 60, 'http://static.tvmaze.com/uploads/images/medium_landscape/56/142273.jpg', 'http://static.tvmaze.com/uploads/images/original_untouched/56/142273.jpg', '<p>Tyrion strikes a deal. Jorah and Daario undertake a difficult task. Jaime and Cersei try to improve their situation.</p>', 'http://api.tvmaze.com/episodes/664674'),
(82, 'http://www.tvmaze.com/shows/82/game-of-thrones', 'Game of Thrones', 'Scripted', 'English', 'Fantasy', 'Ended', 60, 'http://www.hbo.com/game-of-thrones', '21:00', 'Sunday', 8, 'HBO', 'United States', 'US', 'America/New_York', 22, 'HBO Go', 'United States', 'US', 'America/New_York', 24493, 121361, 'tt0944947', 'http://static.tvmaze.com/uploads/images/medium_portrait/190/476117.jpg', 'http://static.tvmaze.com/uploads/images/original_untouched/190/476117.jpg', '<p>Based on the bestselling book series <i>A Song of Ice and Fire</i> by George R.R. Martin, this sprawling new HBO drama is set in a world where summers span decades and winters can last a lifetime. From the scheming south and the savage eastern lands, to the frozen north and ancient Wall that protects the realm from the mysterious darkness beyond, the powerful families of the Seven Kingdoms are locked in a battle for the Iron Throne. This is a story of duplicity and treachery, nobility and honor, conquest and triumph. In the <b>Game of Thrones</b>, you either win or you die.</p>', 1611261307, 'http://api.tvmaze.com/shows/82', 'http://api.tvmaze.com/episodes/1623968', 664675, 'http://www.tvmaze.com/episodes/664675/game-of-thrones-6x05-the-door', 'The Door', 6, 5, 'regular', '21:00', '2016-05-23T01:00:00+00:00', 60, 'http://static.tvmaze.com/uploads/images/medium_landscape/60/150273.jpg', 'http://static.tvmaze.com/uploads/images/original_untouched/60/150273.jpg', '<p>Tyrion seeks a strange ally. Bran learns a great deal. Brienne goes on a mission. Arya is given a chance to prove herself.</p>', 'http://api.tvmaze.com/episodes/664675'),
(82, 'http://www.tvmaze.com/shows/82/game-of-thrones', 'Game of Thrones', 'Scripted', 'English', 'Fantasy', 'Ended', 60, 'http://www.hbo.com/game-of-thrones', '21:00', 'Sunday', 8, 'HBO', 'United States', 'US', 'America/New_York', 22, 'HBO Go', 'United States', 'US', 'America/New_York', 24493, 121361, 'tt0944947', 'http://static.tvmaze.com/uploads/images/medium_portrait/190/476117.jpg', 'http://static.tvmaze.com/uploads/images/original_untouched/190/476117.jpg', '<p>Based on the bestselling book series <i>A Song of Ice and Fire</i> by George R.R. Martin, this sprawling new HBO drama is set in a world where summers span decades and winters can last a lifetime. From the scheming south and the savage eastern lands, to the frozen north and ancient Wall that protects the realm from the mysterious darkness beyond, the powerful families of the Seven Kingdoms are locked in a battle for the Iron Throne. This is a story of duplicity and treachery, nobility and honor, conquest and triumph. In the <b>Game of Thrones</b>, you either win or you die.</p>', 1611261307, 'http://api.tvmaze.com/shows/82', 'http://api.tvmaze.com/episodes/1623968', 664676, 'http://www.tvmaze.com/episodes/664676/game-of-thrones-6x06-blood-of-my-blood', 'Blood of My Blood', 6, 6, 'regular', '21:00', '2016-05-30T01:00:00+00:00', 60, 'http://static.tvmaze.com/uploads/images/medium_landscape/60/150274.jpg', 'http://static.tvmaze.com/uploads/images/original_untouched/60/150274.jpg', '<p>An old foe comes back into the picture. Gilly meets Sam\'s family. Arya faces a difficult choice. Jaime faces off against the High Sparrow.</p>', 'http://api.tvmaze.com/episodes/664676'),
(82, 'http://www.tvmaze.com/shows/82/game-of-thrones', 'Game of Thrones', 'Scripted', 'English', 'Fantasy', 'Ended', 60, 'http://www.hbo.com/game-of-thrones', '21:00', 'Sunday', 8, 'HBO', 'United States', 'US', 'America/New_York', 22, 'HBO Go', 'United States', 'US', 'America/New_York', 24493, 121361, 'tt0944947', 'http://static.tvmaze.com/uploads/images/medium_portrait/190/476117.jpg', 'http://static.tvmaze.com/uploads/images/original_untouched/190/476117.jpg', '<p>Based on the bestselling book series <i>A Song of Ice and Fire</i> by George R.R. Martin, this sprawling new HBO drama is set in a world where summers span decades and winters can last a lifetime. From the scheming south and the savage eastern lands, to the frozen north and ancient Wall that protects the realm from the mysterious darkness beyond, the powerful families of the Seven Kingdoms are locked in a battle for the Iron Throne. This is a story of duplicity and treachery, nobility and honor, conquest and triumph. In the <b>Game of Thrones</b>, you either win or you die.</p>', 1611261307, 'http://api.tvmaze.com/shows/82', 'http://api.tvmaze.com/episodes/1623968', 717449, 'http://www.tvmaze.com/episodes/717449/game-of-thrones-6x07-the-broken-man', 'The Broken Man', 6, 7, 'regular', '21:00', '2016-06-06T01:00:00+00:00', 60, 'http://static.tvmaze.com/uploads/images/medium_landscape/60/150275.jpg', 'http://static.tvmaze.com/uploads/images/original_untouched/60/150275.jpg', '<p>The High Sparrow eyes another target. Jaime confronts a hero. Arya makes a plan. The North is reminded.</p>', 'http://api.tvmaze.com/episodes/717449'),
(82, 'http://www.tvmaze.com/shows/82/game-of-thrones', 'Game of Thrones', 'Scripted', 'English', 'Fantasy', 'Ended', 60, 'http://www.hbo.com/game-of-thrones', '21:00', 'Sunday', 8, 'HBO', 'United States', 'US', 'America/New_York', 22, 'HBO Go', 'United States', 'US', 'America/New_York', 24493, 121361, 'tt0944947', 'http://static.tvmaze.com/uploads/images/medium_portrait/190/476117.jpg', 'http://static.tvmaze.com/uploads/images/original_untouched/190/476117.jpg', '<p>Based on the bestselling book series <i>A Song of Ice and Fire</i> by George R.R. Martin, this sprawling new HBO drama is set in a world where summers span decades and winters can last a lifetime. From the scheming south and the savage eastern lands, to the frozen north and ancient Wall that protects the realm from the mysterious darkness beyond, the powerful families of the Seven Kingdoms are locked in a battle for the Iron Throne. This is a story of duplicity and treachery, nobility and honor, conquest and triumph. In the <b>Game of Thrones</b>, you either win or you die.</p>', 1611261307, 'http://api.tvmaze.com/shows/82', 'http://api.tvmaze.com/episodes/1623968', 729573, 'http://www.tvmaze.com/episodes/729573/game-of-thrones-6x08-no-one', 'No One', 6, 8, 'regular', '21:00', '2016-06-13T01:00:00+00:00', 60, 'http://static.tvmaze.com/uploads/images/medium_landscape/61/153044.jpg', 'http://static.tvmaze.com/uploads/images/original_untouched/61/153044.jpg', '<p>Jaime encounters a hero; the High Sparrow fixates on another prey; Arya hatches a new plan; Yara and Theon plot their next move; Olenna and Cersei discuss their families\' futures.</p><p></p><p>While Jaime weighs his options, Cersei answers a request. Tyrion\'s plans bear fruit. Arya faces a new test.</p>', 'http://api.tvmaze.com/episodes/729573');
INSERT INTO `shows` (`id`, `url`, `name`, `type`, `language`, `genres`, `status`, `runtime`, `officialSite`, `schedule_time`, `schedule_days`, `network_id`, `network_name`, `network_country_name`, `network_country_code`, `network_country_timezone`, `webChannel_id`, `webChannel_name`, `webChannel_country_name`, `webChannel_country_code`, `webChannel_country_timezone`, `externals_tvrage`, `externals_thetvdb`, `externals_imdb`, `image_medium`, `image_original`, `summary`, `updated`, `links_self_href`, `links_previousepisode_href`, `embedded_episodes_id`, `embedded_episodes_url`, `embedded_episodes_name`, `embedded_episodes_season`, `embedded_episodes_number`, `embedded_episodes_type`, `embedded_episodes_airtime`, `embedded_episodes_airstamp`, `embedded_episodes_runtime`, `embedded_episodes_image_medium`, `embedded_episodes_image_original`, `embedded_episodes_summary`, `embedded_episodes_links_self_href`) VALUES
(82, 'http://www.tvmaze.com/shows/82/game-of-thrones', 'Game of Thrones', 'Scripted', 'English', 'Fantasy', 'Ended', 60, 'http://www.hbo.com/game-of-thrones', '21:00', 'Sunday', 8, 'HBO', 'United States', 'US', 'America/New_York', 22, 'HBO Go', 'United States', 'US', 'America/New_York', 24493, 121361, 'tt0944947', 'http://static.tvmaze.com/uploads/images/medium_portrait/190/476117.jpg', 'http://static.tvmaze.com/uploads/images/original_untouched/190/476117.jpg', '<p>Based on the bestselling book series <i>A Song of Ice and Fire</i> by George R.R. Martin, this sprawling new HBO drama is set in a world where summers span decades and winters can last a lifetime. From the scheming south and the savage eastern lands, to the frozen north and ancient Wall that protects the realm from the mysterious darkness beyond, the powerful families of the Seven Kingdoms are locked in a battle for the Iron Throne. This is a story of duplicity and treachery, nobility and honor, conquest and triumph. In the <b>Game of Thrones</b>, you either win or you die.</p>', 1611261307, 'http://api.tvmaze.com/shows/82', 'http://api.tvmaze.com/episodes/1623968', 729574, 'http://www.tvmaze.com/episodes/729574/game-of-thrones-6x09-battle-of-the-bastards', 'Battle of the Bastards', 6, 9, 'regular', '21:00', '2016-06-20T01:00:00+00:00', 60, 'http://static.tvmaze.com/uploads/images/medium_landscape/62/155042.jpg', 'http://static.tvmaze.com/uploads/images/original_untouched/62/155042.jpg', '<p>Ramsay surprises his audience. Jon retaliates. Dany is true to her word.</p>', 'http://api.tvmaze.com/episodes/729574'),
(82, 'http://www.tvmaze.com/shows/82/game-of-thrones', 'Game of Thrones', 'Scripted', 'English', 'Fantasy', 'Ended', 60, 'http://www.hbo.com/game-of-thrones', '21:00', 'Sunday', 8, 'HBO', 'United States', 'US', 'America/New_York', 22, 'HBO Go', 'United States', 'US', 'America/New_York', 24493, 121361, 'tt0944947', 'http://static.tvmaze.com/uploads/images/medium_portrait/190/476117.jpg', 'http://static.tvmaze.com/uploads/images/original_untouched/190/476117.jpg', '<p>Based on the bestselling book series <i>A Song of Ice and Fire</i> by George R.R. Martin, this sprawling new HBO drama is set in a world where summers span decades and winters can last a lifetime. From the scheming south and the savage eastern lands, to the frozen north and ancient Wall that protects the realm from the mysterious darkness beyond, the powerful families of the Seven Kingdoms are locked in a battle for the Iron Throne. This is a story of duplicity and treachery, nobility and honor, conquest and triumph. In the <b>Game of Thrones</b>, you either win or you die.</p>', 1611261307, 'http://api.tvmaze.com/shows/82', 'http://api.tvmaze.com/episodes/1623968', 729575, 'http://www.tvmaze.com/episodes/729575/game-of-thrones-6x10-the-winds-of-winter', 'The Winds of Winter', 6, 10, 'regular', '21:00', '2016-06-27T01:00:00+00:00', 69, 'http://static.tvmaze.com/uploads/images/medium_landscape/63/157920.jpg', 'http://static.tvmaze.com/uploads/images/original_untouched/63/157920.jpg', '<p>Alliances are made, the High Sparrow is holding trials at King\'s Landing, Daenerys is sailing for the Seven Kingdoms and a new King of the North is crowned.</p>', 'http://api.tvmaze.com/episodes/729575'),
(82, 'http://www.tvmaze.com/shows/82/game-of-thrones', 'Game of Thrones', 'Scripted', 'English', 'Fantasy', 'Ended', 60, 'http://www.hbo.com/game-of-thrones', '21:00', 'Sunday', 8, 'HBO', 'United States', 'US', 'America/New_York', 22, 'HBO Go', 'United States', 'US', 'America/New_York', 24493, 121361, 'tt0944947', 'http://static.tvmaze.com/uploads/images/medium_portrait/190/476117.jpg', 'http://static.tvmaze.com/uploads/images/original_untouched/190/476117.jpg', '<p>Based on the bestselling book series <i>A Song of Ice and Fire</i> by George R.R. Martin, this sprawling new HBO drama is set in a world where summers span decades and winters can last a lifetime. From the scheming south and the savage eastern lands, to the frozen north and ancient Wall that protects the realm from the mysterious darkness beyond, the powerful families of the Seven Kingdoms are locked in a battle for the Iron Throne. This is a story of duplicity and treachery, nobility and honor, conquest and triumph. In the <b>Game of Thrones</b>, you either win or you die.</p>', 1611261307, 'http://api.tvmaze.com/shows/82', 'http://api.tvmaze.com/episodes/1623968', 937256, 'http://www.tvmaze.com/episodes/937256/game-of-thrones-7x01-dragonstone', 'Dragonstone', 7, 1, 'regular', '21:00', '2017-07-17T01:00:00+00:00', 60, 'http://static.tvmaze.com/uploads/images/medium_landscape/120/302038.jpg', 'http://static.tvmaze.com/uploads/images/original_untouched/120/302038.jpg', '<p>Jon organizes the defense of the North. Cersei tries to even the odds. Daenerys comes home.</p>', 'http://api.tvmaze.com/episodes/937256'),
(82, 'http://www.tvmaze.com/shows/82/game-of-thrones', 'Game of Thrones', 'Scripted', 'English', 'Fantasy', 'Ended', 60, 'http://www.hbo.com/game-of-thrones', '21:00', 'Sunday', 8, 'HBO', 'United States', 'US', 'America/New_York', 22, 'HBO Go', 'United States', 'US', 'America/New_York', 24493, 121361, 'tt0944947', 'http://static.tvmaze.com/uploads/images/medium_portrait/190/476117.jpg', 'http://static.tvmaze.com/uploads/images/original_untouched/190/476117.jpg', '<p>Based on the bestselling book series <i>A Song of Ice and Fire</i> by George R.R. Martin, this sprawling new HBO drama is set in a world where summers span decades and winters can last a lifetime. From the scheming south and the savage eastern lands, to the frozen north and ancient Wall that protects the realm from the mysterious darkness beyond, the powerful families of the Seven Kingdoms are locked in a battle for the Iron Throne. This is a story of duplicity and treachery, nobility and honor, conquest and triumph. In the <b>Game of Thrones</b>, you either win or you die.</p>', 1611261307, 'http://api.tvmaze.com/shows/82', 'http://api.tvmaze.com/episodes/1623968', 1221410, 'http://www.tvmaze.com/episodes/1221410/game-of-thrones-7x02-stormborn', 'Stormborn', 7, 2, 'regular', '21:00', '2017-07-24T01:00:00+00:00', 60, 'http://static.tvmaze.com/uploads/images/medium_landscape/120/302047.jpg', 'http://static.tvmaze.com/uploads/images/original_untouched/120/302047.jpg', '<p>Daenerys receives an unexpected visitor. Jon faces a revolt. Tyrion plans the conquest of Westeros.</p>', 'http://api.tvmaze.com/episodes/1221410'),
(82, 'http://www.tvmaze.com/shows/82/game-of-thrones', 'Game of Thrones', 'Scripted', 'English', 'Fantasy', 'Ended', 60, 'http://www.hbo.com/game-of-thrones', '21:00', 'Sunday', 8, 'HBO', 'United States', 'US', 'America/New_York', 22, 'HBO Go', 'United States', 'US', 'America/New_York', 24493, 121361, 'tt0944947', 'http://static.tvmaze.com/uploads/images/medium_portrait/190/476117.jpg', 'http://static.tvmaze.com/uploads/images/original_untouched/190/476117.jpg', '<p>Based on the bestselling book series <i>A Song of Ice and Fire</i> by George R.R. Martin, this sprawling new HBO drama is set in a world where summers span decades and winters can last a lifetime. From the scheming south and the savage eastern lands, to the frozen north and ancient Wall that protects the realm from the mysterious darkness beyond, the powerful families of the Seven Kingdoms are locked in a battle for the Iron Throne. This is a story of duplicity and treachery, nobility and honor, conquest and triumph. In the <b>Game of Thrones</b>, you either win or you die.</p>', 1611261307, 'http://api.tvmaze.com/shows/82', 'http://api.tvmaze.com/episodes/1623968', 1221411, 'http://www.tvmaze.com/episodes/1221411/game-of-thrones-7x03-the-queens-justice', 'The Queen\'s Justice', 7, 3, 'regular', '21:00', '2017-07-31T01:00:00+00:00', 60, 'http://static.tvmaze.com/uploads/images/medium_landscape/122/306938.jpg', 'http://static.tvmaze.com/uploads/images/original_untouched/122/306938.jpg', '<p>Daenerys holds court. Cersei returns a gift. Jaime learns from his mistakes.</p>', 'http://api.tvmaze.com/episodes/1221411'),
(82, 'http://www.tvmaze.com/shows/82/game-of-thrones', 'Game of Thrones', 'Scripted', 'English', 'Fantasy', 'Ended', 60, 'http://www.hbo.com/game-of-thrones', '21:00', 'Sunday', 8, 'HBO', 'United States', 'US', 'America/New_York', 22, 'HBO Go', 'United States', 'US', 'America/New_York', 24493, 121361, 'tt0944947', 'http://static.tvmaze.com/uploads/images/medium_portrait/190/476117.jpg', 'http://static.tvmaze.com/uploads/images/original_untouched/190/476117.jpg', '<p>Based on the bestselling book series <i>A Song of Ice and Fire</i> by George R.R. Martin, this sprawling new HBO drama is set in a world where summers span decades and winters can last a lifetime. From the scheming south and the savage eastern lands, to the frozen north and ancient Wall that protects the realm from the mysterious darkness beyond, the powerful families of the Seven Kingdoms are locked in a battle for the Iron Throne. This is a story of duplicity and treachery, nobility and honor, conquest and triumph. In the <b>Game of Thrones</b>, you either win or you die.</p>', 1611261307, 'http://api.tvmaze.com/shows/82', 'http://api.tvmaze.com/episodes/1623968', 1221412, 'http://www.tvmaze.com/episodes/1221412/game-of-thrones-7x04-the-spoils-of-war', 'The Spoils of War', 7, 4, 'regular', '21:00', '2017-08-07T01:00:00+00:00', 60, 'http://static.tvmaze.com/uploads/images/medium_landscape/123/307677.jpg', 'http://static.tvmaze.com/uploads/images/original_untouched/123/307677.jpg', '<p>Arya gets to the final destination. Daenerys takes it upon herself to strike back.</p>', 'http://api.tvmaze.com/episodes/1221412'),
(82, 'http://www.tvmaze.com/shows/82/game-of-thrones', 'Game of Thrones', 'Scripted', 'English', 'Fantasy', 'Ended', 60, 'http://www.hbo.com/game-of-thrones', '21:00', 'Sunday', 8, 'HBO', 'United States', 'US', 'America/New_York', 22, 'HBO Go', 'United States', 'US', 'America/New_York', 24493, 121361, 'tt0944947', 'http://static.tvmaze.com/uploads/images/medium_portrait/190/476117.jpg', 'http://static.tvmaze.com/uploads/images/original_untouched/190/476117.jpg', '<p>Based on the bestselling book series <i>A Song of Ice and Fire</i> by George R.R. Martin, this sprawling new HBO drama is set in a world where summers span decades and winters can last a lifetime. From the scheming south and the savage eastern lands, to the frozen north and ancient Wall that protects the realm from the mysterious darkness beyond, the powerful families of the Seven Kingdoms are locked in a battle for the Iron Throne. This is a story of duplicity and treachery, nobility and honor, conquest and triumph. In the <b>Game of Thrones</b>, you either win or you die.</p>', 1611261307, 'http://api.tvmaze.com/shows/82', 'http://api.tvmaze.com/episodes/1623968', 1221413, 'http://www.tvmaze.com/episodes/1221413/game-of-thrones-7x05-eastwatch', 'Eastwatch', 7, 5, 'regular', '21:00', '2017-08-14T01:00:00+00:00', 60, 'http://static.tvmaze.com/uploads/images/medium_landscape/124/310839.jpg', 'http://static.tvmaze.com/uploads/images/original_untouched/124/310839.jpg', '<p>Daenerys demands loyalty from the surviving Lannister soldiers; Jon heeds Bran\'s warning about White Walkers on the move; Cersei vows to vanquish anyone or anything that stands in her way.</p>', 'http://api.tvmaze.com/episodes/1221413'),
(82, 'http://www.tvmaze.com/shows/82/game-of-thrones', 'Game of Thrones', 'Scripted', 'English', 'Fantasy', 'Ended', 60, 'http://www.hbo.com/game-of-thrones', '21:00', 'Sunday', 8, 'HBO', 'United States', 'US', 'America/New_York', 22, 'HBO Go', 'United States', 'US', 'America/New_York', 24493, 121361, 'tt0944947', 'http://static.tvmaze.com/uploads/images/medium_portrait/190/476117.jpg', 'http://static.tvmaze.com/uploads/images/original_untouched/190/476117.jpg', '<p>Based on the bestselling book series <i>A Song of Ice and Fire</i> by George R.R. Martin, this sprawling new HBO drama is set in a world where summers span decades and winters can last a lifetime. From the scheming south and the savage eastern lands, to the frozen north and ancient Wall that protects the realm from the mysterious darkness beyond, the powerful families of the Seven Kingdoms are locked in a battle for the Iron Throne. This is a story of duplicity and treachery, nobility and honor, conquest and triumph. In the <b>Game of Thrones</b>, you either win or you die.</p>', 1611261307, 'http://api.tvmaze.com/shows/82', 'http://api.tvmaze.com/episodes/1623968', 1221414, 'http://www.tvmaze.com/episodes/1221414/game-of-thrones-7x06-beyond-the-wall', 'Beyond the Wall', 7, 6, 'regular', '21:00', '2017-08-21T01:00:00+00:00', 60, 'http://static.tvmaze.com/uploads/images/medium_landscape/125/312651.jpg', 'http://static.tvmaze.com/uploads/images/original_untouched/125/312651.jpg', '<p>Jon\'s mission continues north of the wall, but the odds against his ragged band of misfits may be greater than he imagined.</p>', 'http://api.tvmaze.com/episodes/1221414'),
(82, 'http://www.tvmaze.com/shows/82/game-of-thrones', 'Game of Thrones', 'Scripted', 'English', 'Fantasy', 'Ended', 60, 'http://www.hbo.com/game-of-thrones', '21:00', 'Sunday', 8, 'HBO', 'United States', 'US', 'America/New_York', 22, 'HBO Go', 'United States', 'US', 'America/New_York', 24493, 121361, 'tt0944947', 'http://static.tvmaze.com/uploads/images/medium_portrait/190/476117.jpg', 'http://static.tvmaze.com/uploads/images/original_untouched/190/476117.jpg', '<p>Based on the bestselling book series <i>A Song of Ice and Fire</i> by George R.R. Martin, this sprawling new HBO drama is set in a world where summers span decades and winters can last a lifetime. From the scheming south and the savage eastern lands, to the frozen north and ancient Wall that protects the realm from the mysterious darkness beyond, the powerful families of the Seven Kingdoms are locked in a battle for the Iron Throne. This is a story of duplicity and treachery, nobility and honor, conquest and triumph. In the <b>Game of Thrones</b>, you either win or you die.</p>', 1611261307, 'http://api.tvmaze.com/shows/82', 'http://api.tvmaze.com/episodes/1623968', 1221415, 'http://www.tvmaze.com/episodes/1221415/game-of-thrones-7x07-the-dragon-and-the-wolf', 'The Dragon and the Wolf', 7, 7, 'regular', '21:00', '2017-08-28T01:00:00+00:00', 60, 'http://static.tvmaze.com/uploads/images/medium_landscape/125/314502.jpg', 'http://static.tvmaze.com/uploads/images/original_untouched/125/314502.jpg', '<p>Cersei sits on the Iron Throne; Daenerys sails across the Narrow Sea; Jon Snow is King in the North, and winter is finally here.</p>', 'http://api.tvmaze.com/episodes/1221415'),
(82, 'http://www.tvmaze.com/shows/82/game-of-thrones', 'Game of Thrones', 'Scripted', 'English', 'Fantasy', 'Ended', 60, 'http://www.hbo.com/game-of-thrones', '21:00', 'Sunday', 8, 'HBO', 'United States', 'US', 'America/New_York', 22, 'HBO Go', 'United States', 'US', 'America/New_York', 24493, 121361, 'tt0944947', 'http://static.tvmaze.com/uploads/images/medium_portrait/190/476117.jpg', 'http://static.tvmaze.com/uploads/images/original_untouched/190/476117.jpg', '<p>Based on the bestselling book series <i>A Song of Ice and Fire</i> by George R.R. Martin, this sprawling new HBO drama is set in a world where summers span decades and winters can last a lifetime. From the scheming south and the savage eastern lands, to the frozen north and ancient Wall that protects the realm from the mysterious darkness beyond, the powerful families of the Seven Kingdoms are locked in a battle for the Iron Throne. This is a story of duplicity and treachery, nobility and honor, conquest and triumph. In the <b>Game of Thrones</b>, you either win or you die.</p>', 1611261307, 'http://api.tvmaze.com/shows/82', 'http://api.tvmaze.com/episodes/1623968', 1590943, 'http://www.tvmaze.com/episodes/1590943/game-of-thrones-8x01-winterfell', 'Winterfell', 8, 1, 'regular', '21:00', '2019-04-15T01:00:00+00:00', 60, 'http://static.tvmaze.com/uploads/images/medium_landscape/191/479477.jpg', 'http://static.tvmaze.com/uploads/images/original_untouched/191/479477.jpg', '<p>Arriving at Winterfell, Jon and Daenerys struggle to unite a divided North. Jon gets some big news.</p>', 'http://api.tvmaze.com/episodes/1590943'),
(82, 'http://www.tvmaze.com/shows/82/game-of-thrones', 'Game of Thrones', 'Scripted', 'English', 'Fantasy', 'Ended', 60, 'http://www.hbo.com/game-of-thrones', '21:00', 'Sunday', 8, 'HBO', 'United States', 'US', 'America/New_York', 22, 'HBO Go', 'United States', 'US', 'America/New_York', 24493, 121361, 'tt0944947', 'http://static.tvmaze.com/uploads/images/medium_portrait/190/476117.jpg', 'http://static.tvmaze.com/uploads/images/original_untouched/190/476117.jpg', '<p>Based on the bestselling book series <i>A Song of Ice and Fire</i> by George R.R. Martin, this sprawling new HBO drama is set in a world where summers span decades and winters can last a lifetime. From the scheming south and the savage eastern lands, to the frozen north and ancient Wall that protects the realm from the mysterious darkness beyond, the powerful families of the Seven Kingdoms are locked in a battle for the Iron Throne. This is a story of duplicity and treachery, nobility and honor, conquest and triumph. In the <b>Game of Thrones</b>, you either win or you die.</p>', 1611261307, 'http://api.tvmaze.com/shows/82', 'http://api.tvmaze.com/episodes/1623968', 1623964, 'http://www.tvmaze.com/episodes/1623964/game-of-thrones-8x02-a-knight-of-the-seven-kingdoms', 'A Knight of the Seven Kingdoms', 8, 2, 'regular', '21:00', '2019-04-22T01:00:00+00:00', 60, 'http://static.tvmaze.com/uploads/images/medium_landscape/192/482451.jpg', 'http://static.tvmaze.com/uploads/images/original_untouched/192/482451.jpg', '<p>Jaime faces judgement and Winterfell prepares for the battle to come.</p>', 'http://api.tvmaze.com/episodes/1623964'),
(82, 'http://www.tvmaze.com/shows/82/game-of-thrones', 'Game of Thrones', 'Scripted', 'English', 'Fantasy', 'Ended', 60, 'http://www.hbo.com/game-of-thrones', '21:00', 'Sunday', 8, 'HBO', 'United States', 'US', 'America/New_York', 22, 'HBO Go', 'United States', 'US', 'America/New_York', 24493, 121361, 'tt0944947', 'http://static.tvmaze.com/uploads/images/medium_portrait/190/476117.jpg', 'http://static.tvmaze.com/uploads/images/original_untouched/190/476117.jpg', '<p>Based on the bestselling book series <i>A Song of Ice and Fire</i> by George R.R. Martin, this sprawling new HBO drama is set in a world where summers span decades and winters can last a lifetime. From the scheming south and the savage eastern lands, to the frozen north and ancient Wall that protects the realm from the mysterious darkness beyond, the powerful families of the Seven Kingdoms are locked in a battle for the Iron Throne. This is a story of duplicity and treachery, nobility and honor, conquest and triumph. In the <b>Game of Thrones</b>, you either win or you die.</p>', 1611261307, 'http://api.tvmaze.com/shows/82', 'http://api.tvmaze.com/episodes/1623968', 1623965, 'http://www.tvmaze.com/episodes/1623965/game-of-thrones-8x03-the-long-night', 'The Long Night', 8, 3, 'regular', '21:00', '2019-04-29T01:00:00+00:00', 90, 'http://static.tvmaze.com/uploads/images/medium_landscape/192/482465.jpg', 'http://static.tvmaze.com/uploads/images/original_untouched/192/482465.jpg', '<p>Winterfell fights the Army of the Dead.</p>', 'http://api.tvmaze.com/episodes/1623965'),
(82, 'http://www.tvmaze.com/shows/82/game-of-thrones', 'Game of Thrones', 'Scripted', 'English', 'Fantasy', 'Ended', 60, 'http://www.hbo.com/game-of-thrones', '21:00', 'Sunday', 8, 'HBO', 'United States', 'US', 'America/New_York', 22, 'HBO Go', 'United States', 'US', 'America/New_York', 24493, 121361, 'tt0944947', 'http://static.tvmaze.com/uploads/images/medium_portrait/190/476117.jpg', 'http://static.tvmaze.com/uploads/images/original_untouched/190/476117.jpg', '<p>Based on the bestselling book series <i>A Song of Ice and Fire</i> by George R.R. Martin, this sprawling new HBO drama is set in a world where summers span decades and winters can last a lifetime. From the scheming south and the savage eastern lands, to the frozen north and ancient Wall that protects the realm from the mysterious darkness beyond, the powerful families of the Seven Kingdoms are locked in a battle for the Iron Throne. This is a story of duplicity and treachery, nobility and honor, conquest and triumph. In the <b>Game of Thrones</b>, you either win or you die.</p>', 1611261307, 'http://api.tvmaze.com/shows/82', 'http://api.tvmaze.com/episodes/1623968', 1623966, 'http://www.tvmaze.com/episodes/1623966/game-of-thrones-8x04-the-last-of-the-starks', 'The Last of the Starks', 8, 4, 'regular', '21:00', '2019-05-06T01:00:00+00:00', 78, 'http://static.tvmaze.com/uploads/images/medium_landscape/195/487839.jpg', 'http://static.tvmaze.com/uploads/images/original_untouched/195/487839.jpg', '<p>The survivors plan their next steps; Cersei makes a power move.</p><p></p>', 'http://api.tvmaze.com/episodes/1623966'),
(82, 'http://www.tvmaze.com/shows/82/game-of-thrones', 'Game of Thrones', 'Scripted', 'English', 'Fantasy', 'Ended', 60, 'http://www.hbo.com/game-of-thrones', '21:00', 'Sunday', 8, 'HBO', 'United States', 'US', 'America/New_York', 22, 'HBO Go', 'United States', 'US', 'America/New_York', 24493, 121361, 'tt0944947', 'http://static.tvmaze.com/uploads/images/medium_portrait/190/476117.jpg', 'http://static.tvmaze.com/uploads/images/original_untouched/190/476117.jpg', '<p>Based on the bestselling book series <i>A Song of Ice and Fire</i> by George R.R. Martin, this sprawling new HBO drama is set in a world where summers span decades and winters can last a lifetime. From the scheming south and the savage eastern lands, to the frozen north and ancient Wall that protects the realm from the mysterious darkness beyond, the powerful families of the Seven Kingdoms are locked in a battle for the Iron Throne. This is a story of duplicity and treachery, nobility and honor, conquest and triumph. In the <b>Game of Thrones</b>, you either win or you die.</p>', 1611261307, 'http://api.tvmaze.com/shows/82', 'http://api.tvmaze.com/episodes/1623968', 1623967, 'http://www.tvmaze.com/episodes/1623967/game-of-thrones-8x05-the-bells', 'The Bells', 8, 5, 'regular', '21:00', '2019-05-13T01:00:00+00:00', 79, 'http://static.tvmaze.com/uploads/images/medium_landscape/196/491994.jpg', 'http://static.tvmaze.com/uploads/images/original_untouched/196/491994.jpg', '<p>Varys betrays his queen, and Daenerys brings her forces to King\'s Landing.</p>', 'http://api.tvmaze.com/episodes/1623967'),
(82, 'http://www.tvmaze.com/shows/82/game-of-thrones', 'Game of Thrones', 'Scripted', 'English', 'Fantasy', 'Ended', 60, 'http://www.hbo.com/game-of-thrones', '21:00', 'Sunday', 8, 'HBO', 'United States', 'US', 'America/New_York', 22, 'HBO Go', 'United States', 'US', 'America/New_York', 24493, 121361, 'tt0944947', 'http://static.tvmaze.com/uploads/images/medium_portrait/190/476117.jpg', 'http://static.tvmaze.com/uploads/images/original_untouched/190/476117.jpg', '<p>Based on the bestselling book series <i>A Song of Ice and Fire</i> by George R.R. Martin, this sprawling new HBO drama is set in a world where summers span decades and winters can last a lifetime. From the scheming south and the savage eastern lands, to the frozen north and ancient Wall that protects the realm from the mysterious darkness beyond, the powerful families of the Seven Kingdoms are locked in a battle for the Iron Throne. This is a story of duplicity and treachery, nobility and honor, conquest and triumph. In the <b>Game of Thrones</b>, you either win or you die.</p>', 1611261307, 'http://api.tvmaze.com/shows/82', 'http://api.tvmaze.com/episodes/1623968', 1623968, 'http://www.tvmaze.com/episodes/1623968/game-of-thrones-8x06-the-iron-throne', 'The Iron Throne', 8, 6, 'regular', '21:00', '2019-05-20T01:00:00+00:00', 80, 'http://static.tvmaze.com/uploads/images/medium_landscape/198/495648.jpg', 'http://static.tvmaze.com/uploads/images/original_untouched/198/495648.jpg', '<p>In the aftermath of the devastating attack on King\'s Landing, Daenerys must face the survivors.</p>', 'http://api.tvmaze.com/episodes/1623968');

--
-- Indexes for dumped tables
--

--
-- Indexes for table `auth_group`
--
ALTER TABLE `auth_group`
  ADD PRIMARY KEY (`id`),
  ADD UNIQUE KEY `name` (`name`);

--
-- Indexes for table `auth_group_permissions`
--
ALTER TABLE `auth_group_permissions`
  ADD PRIMARY KEY (`id`),
  ADD UNIQUE KEY `auth_group_permissions_group_id_permission_id_0cd325b0_uniq` (`group_id`,`permission_id`),
  ADD KEY `auth_group_permissio_permission_id_84c5c92e_fk_auth_perm` (`permission_id`);

--
-- Indexes for table `auth_permission`
--
ALTER TABLE `auth_permission`
  ADD PRIMARY KEY (`id`),
  ADD UNIQUE KEY `auth_permission_content_type_id_codename_01ab375a_uniq` (`content_type_id`,`codename`);

--
-- Indexes for table `auth_user`
--
ALTER TABLE `auth_user`
  ADD PRIMARY KEY (`id`),
  ADD UNIQUE KEY `username` (`username`);

--
-- Indexes for table `auth_user_groups`
--
ALTER TABLE `auth_user_groups`
  ADD PRIMARY KEY (`id`),
  ADD UNIQUE KEY `auth_user_groups_user_id_group_id_94350c0c_uniq` (`user_id`,`group_id`),
  ADD KEY `auth_user_groups_group_id_97559544_fk_auth_group_id` (`group_id`);

--
-- Indexes for table `auth_user_user_permissions`
--
ALTER TABLE `auth_user_user_permissions`
  ADD PRIMARY KEY (`id`),
  ADD UNIQUE KEY `auth_user_user_permissions_user_id_permission_id_14a6b632_uniq` (`user_id`,`permission_id`),
  ADD KEY `auth_user_user_permi_permission_id_1fbb5f2c_fk_auth_perm` (`permission_id`);

--
-- Indexes for table `django_admin_log`
--
ALTER TABLE `django_admin_log`
  ADD PRIMARY KEY (`id`),
  ADD KEY `django_admin_log_content_type_id_c4bce8eb_fk_django_co` (`content_type_id`),
  ADD KEY `django_admin_log_user_id_c564eba6_fk_auth_user_id` (`user_id`);

--
-- Indexes for table `django_content_type`
--
ALTER TABLE `django_content_type`
  ADD PRIMARY KEY (`id`),
  ADD UNIQUE KEY `django_content_type_app_label_model_76bd3d3b_uniq` (`app_label`,`model`);

--
-- Indexes for table `django_migrations`
--
ALTER TABLE `django_migrations`
  ADD PRIMARY KEY (`id`);

--
-- Indexes for table `django_session`
--
ALTER TABLE `django_session`
  ADD PRIMARY KEY (`session_key`),
  ADD KEY `django_session_expire_date_a5c62663` (`expire_date`);

--
-- Indexes for table `shows`
--
ALTER TABLE `shows`
  ADD PRIMARY KEY (`embedded_episodes_id`),
  ADD UNIQUE KEY `embedded_episodes_id` (`embedded_episodes_id`);

--
-- AUTO_INCREMENT for dumped tables
--

--
-- AUTO_INCREMENT for table `auth_group`
--
ALTER TABLE `auth_group`
  MODIFY `id` int(11) NOT NULL AUTO_INCREMENT;

--
-- AUTO_INCREMENT for table `auth_group_permissions`
--
ALTER TABLE `auth_group_permissions`
  MODIFY `id` int(11) NOT NULL AUTO_INCREMENT;

--
-- AUTO_INCREMENT for table `auth_permission`
--
ALTER TABLE `auth_permission`
  MODIFY `id` int(11) NOT NULL AUTO_INCREMENT, AUTO_INCREMENT=25;

--
-- AUTO_INCREMENT for table `auth_user`
--
ALTER TABLE `auth_user`
  MODIFY `id` int(11) NOT NULL AUTO_INCREMENT;

--
-- AUTO_INCREMENT for table `auth_user_groups`
--
ALTER TABLE `auth_user_groups`
  MODIFY `id` int(11) NOT NULL AUTO_INCREMENT;

--
-- AUTO_INCREMENT for table `auth_user_user_permissions`
--
ALTER TABLE `auth_user_user_permissions`
  MODIFY `id` int(11) NOT NULL AUTO_INCREMENT;

--
-- AUTO_INCREMENT for table `django_admin_log`
--
ALTER TABLE `django_admin_log`
  MODIFY `id` int(11) NOT NULL AUTO_INCREMENT;

--
-- AUTO_INCREMENT for table `django_content_type`
--
ALTER TABLE `django_content_type`
  MODIFY `id` int(11) NOT NULL AUTO_INCREMENT, AUTO_INCREMENT=7;

--
-- AUTO_INCREMENT for table `django_migrations`
--
ALTER TABLE `django_migrations`
  MODIFY `id` int(11) NOT NULL AUTO_INCREMENT, AUTO_INCREMENT=19;

--
-- Constraints for dumped tables
--

--
-- Constraints for table `auth_group_permissions`
--
ALTER TABLE `auth_group_permissions`
  ADD CONSTRAINT `auth_group_permissio_permission_id_84c5c92e_fk_auth_perm` FOREIGN KEY (`permission_id`) REFERENCES `auth_permission` (`id`),
  ADD CONSTRAINT `auth_group_permissions_group_id_b120cbf9_fk_auth_group_id` FOREIGN KEY (`group_id`) REFERENCES `auth_group` (`id`);

--
-- Constraints for table `auth_permission`
--
ALTER TABLE `auth_permission`
  ADD CONSTRAINT `auth_permission_content_type_id_2f476e4b_fk_django_co` FOREIGN KEY (`content_type_id`) REFERENCES `django_content_type` (`id`);

--
-- Constraints for table `auth_user_groups`
--
ALTER TABLE `auth_user_groups`
  ADD CONSTRAINT `auth_user_groups_group_id_97559544_fk_auth_group_id` FOREIGN KEY (`group_id`) REFERENCES `auth_group` (`id`),
  ADD CONSTRAINT `auth_user_groups_user_id_6a12ed8b_fk_auth_user_id` FOREIGN KEY (`user_id`) REFERENCES `auth_user` (`id`);

--
-- Constraints for table `auth_user_user_permissions`
--
ALTER TABLE `auth_user_user_permissions`
  ADD CONSTRAINT `auth_user_user_permi_permission_id_1fbb5f2c_fk_auth_perm` FOREIGN KEY (`permission_id`) REFERENCES `auth_permission` (`id`),
  ADD CONSTRAINT `auth_user_user_permissions_user_id_a95ead1b_fk_auth_user_id` FOREIGN KEY (`user_id`) REFERENCES `auth_user` (`id`);

--
-- Constraints for table `django_admin_log`
--
ALTER TABLE `django_admin_log`
  ADD CONSTRAINT `django_admin_log_content_type_id_c4bce8eb_fk_django_co` FOREIGN KEY (`content_type_id`) REFERENCES `django_content_type` (`id`),
  ADD CONSTRAINT `django_admin_log_user_id_c564eba6_fk_auth_user_id` FOREIGN KEY (`user_id`) REFERENCES `auth_user` (`id`);
COMMIT;

/*!40101 SET CHARACTER_SET_CLIENT=@OLD_CHARACTER_SET_CLIENT */;
/*!40101 SET CHARACTER_SET_RESULTS=@OLD_CHARACTER_SET_RESULTS */;
/*!40101 SET COLLATION_CONNECTION=@OLD_COLLATION_CONNECTION */;
